file,line,type,commit,author,date,time,timezone,datetime,depth,length
style.css,1,css,427c9321,Christine Law,2025-04-10,23:47:05,-07:00,2025-04-10T23:47:05-07:00,0,6
style.css,2,css,427c9321,Christine Law,2025-04-10,23:47:05,-07:00,2025-04-10T23:47:05-07:00,0,15
style.css,3,css,427c9321,Christine Law,2025-04-10,23:47:05,-07:00,2025-04-10T23:47:05-07:00,0,15
style.css,4,css,427c9321,Christine Law,2025-04-10,23:47:05,-07:00,2025-04-10T23:47:05-07:00,0,39
style.css,5,css,729d2501,Christine Law,2025-04-10,23:49:22,-07:00,2025-04-10T23:49:22-07:00,0,0
style.css,6,css,427c9321,Christine Law,2025-04-10,23:47:05,-07:00,2025-04-10T23:47:05-07:00,0,70
style.css,7,css,427c9321,Christine Law,2025-04-10,23:47:05,-07:00,2025-04-10T23:47:05-07:00,0,33
style.css,8,css,b79e27e0,Christine Law,2025-04-18,19:27:55,-07:00,2025-04-18T19:27:55-07:00,0,24
style.css,9,css,615ebdf3,Christine Law,2025-04-10,23:33:12,-07:00,2025-04-10T23:33:12-07:00,0,0
style.css,10,css,615ebdf3,Christine Law,2025-04-10,23:33:12,-07:00,2025-04-10T23:33:12-07:00,0,0
style.css,11,css,10b7d7e7,Christine Law,2025-04-04,14:15:20,-07:00,2025-04-04T14:15:20-07:00,0,5
style.css,12,css,10b7d7e7,Christine Law,2025-04-04,14:15:20,-07:00,2025-04-04T14:15:20-07:00,0,44
style.css,13,css,10b7d7e7,Christine Law,2025-04-04,14:15:20,-07:00,2025-04-04T14:15:20-07:00,0,43
style.css,14,css,10b7d7e7,Christine Law,2025-04-04,14:15:20,-07:00,2025-04-04T14:15:20-07:00,0,1
style.css,15,css,c17aea4f,Christine Law,2025-04-10,23:58:10,-07:00,2025-04-10T23:58:10-07:00,0,25
style.css,16,css,5204fe4d,Christine Law,2025-04-09,11:31:50,-07:00,2025-04-09T11:31:50-07:00,0,14
style.css,17,css,5204fe4d,Christine Law,2025-04-09,11:31:50,-07:00,2025-04-09T11:31:50-07:00,0,11
style.css,18,css,5204fe4d,Christine Law,2025-04-09,11:31:50,-07:00,2025-04-09T11:31:50-07:00,0,16
style.css,19,css,7b280d50,Christine Law,2025-04-09,11:51:16,-07:00,2025-04-09T11:51:16-07:00,0,17
style.css,20,css,7b280d50,Christine Law,2025-04-09,11:51:16,-07:00,2025-04-09T11:51:16-07:00,0,18
style.css,21,css,7b280d50,Christine Law,2025-04-09,11:51:16,-07:00,2025-04-09T11:51:16-07:00,0,19
style.css,22,css,e6fc1018,Christine Law,2025-04-09,12:07:58,-07:00,2025-04-09T12:07:58-07:00,0,13
style.css,23,css,10b7d7e7,Christine Law,2025-04-04,14:15:20,-07:00,2025-04-04T14:15:20-07:00,0,24
style.css,24,css,03863967,Christine Law,2025-04-04,17:01:28,-07:00,2025-04-04T17:01:28-07:00,0,3
style.css,25,css,03863967,Christine Law,2025-04-04,17:01:28,-07:00,2025-04-04T17:01:28-07:00,0,56
style.css,26,css,03863967,Christine Law,2025-04-04,17:01:28,-07:00,2025-04-04T17:01:28-07:00,0,64
style.css,27,css,03863967,Christine Law,2025-04-04,17:01:28,-07:00,2025-04-04T17:01:28-07:00,0,0
style.css,28,css,b79e27e0,Christine Law,2025-04-18,19:27:55,-07:00,2025-04-18T19:27:55-07:00,0,0
style.css,29,css,b79e27e0,Christine Law,2025-04-18,19:27:55,-07:00,2025-04-18T19:27:55-07:00,0,0
style.css,30,css,0b57323a,Christine Law,2025-04-18,19:35:59,-07:00,2025-04-18T19:35:59-07:00,0,4
style.css,31,css,065e556b,Christine Law,2025-04-18,22:47:45,-07:00,2025-04-18T22:47:45-07:00,0,16
style.css,32,css,28e06fb5,Christine Law,2025-04-18,23:20:10,-07:00,2025-04-18T23:20:10-07:00,0,46
style.css,33,css,0b57323a,Christine Law,2025-04-18,19:35:59,-07:00,2025-04-18T19:35:59-07:00,0,52
style.css,34,css,0b57323a,Christine Law,2025-04-18,19:35:59,-07:00,2025-04-18T19:35:59-07:00,0,18
style.css,35,css,0b57323a,Christine Law,2025-04-18,19:35:59,-07:00,2025-04-18T19:35:59-07:00,0,24
style.css,36,css,0b57323a,Christine Law,2025-04-18,19:35:59,-07:00,2025-04-18T19:35:59-07:00,0,26
style.css,37,css,28e06fb5,Christine Law,2025-04-18,23:20:10,-07:00,2025-04-18T23:20:10-07:00,0,48
style.css,38,css,0b57323a,Christine Law,2025-04-18,19:35:59,-07:00,2025-04-18T19:35:59-07:00,0,25
style.css,39,css,0b57323a,Christine Law,2025-04-18,19:35:59,-07:00,2025-04-18T19:35:59-07:00,0,10
style.css,40,css,0b57323a,Christine Law,2025-04-18,19:35:59,-07:00,2025-04-18T19:35:59-07:00,0,0
style.css,41,css,0b57323a,Christine Law,2025-04-18,19:35:59,-07:00,2025-04-18T19:35:59-07:00,0,0
style.css,42,css,0b57323a,Christine Law,2025-04-18,19:35:59,-07:00,2025-04-18T19:35:59-07:00,0,6
style.css,43,css,0b57323a,Christine Law,2025-04-18,19:35:59,-07:00,2025-04-18T19:35:59-07:00,0,14
style.css,44,css,0b57323a,Christine Law,2025-04-18,19:35:59,-07:00,2025-04-18T19:35:59-07:00,0,47
style.css,45,css,0b57323a,Christine Law,2025-04-18,19:35:59,-07:00,2025-04-18T19:35:59-07:00,0,57
style.css,46,css,0b57323a,Christine Law,2025-04-18,19:35:59,-07:00,2025-04-18T19:35:59-07:00,0,50
style.css,47,css,0b57323a,Christine Law,2025-04-18,19:35:59,-07:00,2025-04-18T19:35:59-07:00,0,58
style.css,48,css,0b57323a,Christine Law,2025-04-18,19:35:59,-07:00,2025-04-18T19:35:59-07:00,0,0
style.css,49,css,0b57323a,Christine Law,2025-04-18,19:35:59,-07:00,2025-04-18T19:35:59-07:00,0,0
style.css,50,css,0b57323a,Christine Law,2025-04-18,19:35:59,-07:00,2025-04-18T19:35:59-07:00,0,14
style.css,51,css,0b57323a,Christine Law,2025-04-18,19:35:59,-07:00,2025-04-18T19:35:59-07:00,0,17
style.css,52,css,0b57323a,Christine Law,2025-04-18,19:35:59,-07:00,2025-04-18T19:35:59-07:00,0,22
style.css,53,css,0b57323a,Christine Law,2025-04-18,19:35:59,-07:00,2025-04-18T19:35:59-07:00,0,25
style.css,54,css,0b57323a,Christine Law,2025-04-18,19:35:59,-07:00,2025-04-18T19:35:59-07:00,0,46
style.css,55,css,0b57323a,Christine Law,2025-04-18,19:35:59,-07:00,2025-04-18T19:35:59-07:00,0,0
style.css,56,css,0b57323a,Christine Law,2025-04-18,19:35:59,-07:00,2025-04-18T19:35:59-07:00,0,0
style.css,57,css,0b57323a,Christine Law,2025-04-18,19:35:59,-07:00,2025-04-18T19:35:59-07:00,0,12
style.css,58,css,0b57323a,Christine Law,2025-04-18,19:35:59,-07:00,2025-04-18T19:35:59-07:00,0,46
style.css,59,css,0b57323a,Christine Law,2025-04-18,19:35:59,-07:00,2025-04-18T19:35:59-07:00,0,22
style.css,60,css,4e5034b3,Christine Law,2025-04-18,19:43:01,-07:00,2025-04-18T19:43:01-07:00,0,47
style.css,61,css,0b57323a,Christine Law,2025-04-18,19:35:59,-07:00,2025-04-18T19:35:59-07:00,0,0
style.css,62,css,0b57323a,Christine Law,2025-04-18,19:35:59,-07:00,2025-04-18T19:35:59-07:00,0,0
style.css,63,css,b79e27e0,Christine Law,2025-04-18,19:27:55,-07:00,2025-04-18T19:27:55-07:00,0,0
style.css,64,css,b79e27e0,Christine Law,2025-04-18,19:27:55,-07:00,2025-04-18T19:27:55-07:00,0,5
style.css,65,css,b79e27e0,Christine Law,2025-04-18,19:27:55,-07:00,2025-04-18T19:27:55-07:00,0,13
style.css,66,css,b79e27e0,Christine Law,2025-04-18,19:27:55,-07:00,2025-04-18T19:27:55-07:00,0,31
style.css,67,css,b79e27e0,Christine Law,2025-04-18,19:27:55,-07:00,2025-04-18T19:27:55-07:00,0,9
style.css,68,css,b79e27e0,Christine Law,2025-04-18,19:27:55,-07:00,2025-04-18T19:27:55-07:00,0,0
style.css,69,css,b79e27e0,Christine Law,2025-04-18,19:27:55,-07:00,2025-04-18T19:27:55-07:00,0,0
style.css,70,css,b79e27e0,Christine Law,2025-04-18,19:27:55,-07:00,2025-04-18T19:27:55-07:00,0,33
style.css,71,css,b79e27e0,Christine Law,2025-04-18,19:27:55,-07:00,2025-04-18T19:27:55-07:00,0,6
style.css,72,css,b79e27e0,Christine Law,2025-04-18,19:27:55,-07:00,2025-04-18T19:27:55-07:00,0,18
style.css,73,css,b79e27e0,Christine Law,2025-04-18,19:27:55,-07:00,2025-04-18T19:27:55-07:00,0,0
style.css,74,css,b79e27e0,Christine Law,2025-04-18,19:27:55,-07:00,2025-04-18T19:27:55-07:00,0,0
style.css,75,css,b79e27e0,Christine Law,2025-04-18,19:27:55,-07:00,2025-04-18T19:27:55-07:00,0,29
style.css,76,css,b79e27e0,Christine Law,2025-04-18,19:27:55,-07:00,2025-04-18T19:27:55-07:00,0,5
style.css,77,css,b79e27e0,Christine Law,2025-04-18,19:27:55,-07:00,2025-04-18T19:27:55-07:00,0,9
style.css,78,css,b79e27e0,Christine Law,2025-04-18,19:27:55,-07:00,2025-04-18T19:27:55-07:00,0,14
style.css,79,css,b79e27e0,Christine Law,2025-04-18,19:27:55,-07:00,2025-04-18T19:27:55-07:00,0,11
style.css,80,css,b79e27e0,Christine Law,2025-04-18,19:27:55,-07:00,2025-04-18T19:27:55-07:00,0,22
style.css,81,css,b79e27e0,Christine Law,2025-04-18,19:27:55,-07:00,2025-04-18T19:27:55-07:00,0,14
style.css,82,css,b79e27e0,Christine Law,2025-04-18,19:27:55,-07:00,2025-04-18T19:27:55-07:00,0,22
style.css,83,css,b79e27e0,Christine Law,2025-04-18,19:27:55,-07:00,2025-04-18T19:27:55-07:00,0,18
style.css,84,css,b79e27e0,Christine Law,2025-04-18,19:27:55,-07:00,2025-04-18T19:27:55-07:00,0,0
style.css,85,css,b79e27e0,Christine Law,2025-04-18,19:27:55,-07:00,2025-04-18T19:27:55-07:00,0,0
style.css,86,css,b79e27e0,Christine Law,2025-04-18,19:27:55,-07:00,2025-04-18T19:27:55-07:00,0,34
style.css,87,css,b79e27e0,Christine Law,2025-04-18,19:27:55,-07:00,2025-04-18T19:27:55-07:00,0,7
style.css,88,css,b79e27e0,Christine Law,2025-04-18,19:27:55,-07:00,2025-04-18T19:27:55-07:00,0,19
style.css,89,css,b79e27e0,Christine Law,2025-04-18,19:27:55,-07:00,2025-04-18T19:27:55-07:00,0,17
style.css,90,css,b79e27e0,Christine Law,2025-04-18,19:27:55,-07:00,2025-04-18T19:27:55-07:00,0,18
style.css,91,css,b79e27e0,Christine Law,2025-04-18,19:27:55,-07:00,2025-04-18T19:27:55-07:00,0,22
style.css,92,css,b79e27e0,Christine Law,2025-04-18,19:27:55,-07:00,2025-04-18T19:27:55-07:00,0,18
style.css,93,css,b79e27e0,Christine Law,2025-04-18,19:27:55,-07:00,2025-04-18T19:27:55-07:00,0,15
style.css,94,css,b79e27e0,Christine Law,2025-04-18,19:27:55,-07:00,2025-04-18T19:27:55-07:00,0,0
style.css,95,css,b79e27e0,Christine Law,2025-04-18,19:27:55,-07:00,2025-04-18T19:27:55-07:00,0,0
style.css,96,css,b79e27e0,Christine Law,2025-04-18,19:27:55,-07:00,2025-04-18T19:27:55-07:00,0,21
style.css,97,css,b79e27e0,Christine Law,2025-04-18,19:27:55,-07:00,2025-04-18T19:27:55-07:00,0,5
style.css,98,css,b79e27e0,Christine Law,2025-04-18,19:27:55,-07:00,2025-04-18T19:27:55-07:00,0,8
style.css,99,css,b79e27e0,Christine Law,2025-04-18,19:27:55,-07:00,2025-04-18T19:27:55-07:00,0,6
style.css,100,css,b79e27e0,Christine Law,2025-04-18,19:27:55,-07:00,2025-04-18T19:27:55-07:00,0,6
style.css,101,css,b79e27e0,Christine Law,2025-04-18,19:27:55,-07:00,2025-04-18T19:27:55-07:00,0,13
style.css,102,css,b79e27e0,Christine Law,2025-04-18,19:27:55,-07:00,2025-04-18T19:27:55-07:00,0,0
style.css,103,css,0418d403,Christine Law,2025-04-11,10:36:12,-07:00,2025-04-11T10:36:12-07:00,0,0
style.css,104,css,6487444d,Christine Law,2025-04-11,20:25:49,-07:00,2025-04-11T20:25:49-07:00,0,13
style.css,105,css,10a63f41,Christine Law,2025-04-11,20:29:12,-07:00,2025-04-11T20:29:12-07:00,0,37
style.css,106,css,9ac09b67,Christine Law,2025-04-11,20:23:19,-07:00,2025-04-11T20:23:19-07:00,0,0
style.css,107,css,2e5c746a,Christine Law,2025-04-11,12:46:53,-07:00,2025-04-11T12:46:53-07:00,0,0
style.css,108,css,2e5c746a,Christine Law,2025-04-11,12:46:53,-07:00,2025-04-11T12:46:53-07:00,0,10
style.css,109,css,2e5c746a,Christine Law,2025-04-11,12:46:53,-07:00,2025-04-11T12:46:53-07:00,0,13
style.css,110,css,2e5c746a,Christine Law,2025-04-11,12:46:53,-07:00,2025-04-11T12:46:53-07:00,0,59
style.css,111,css,c9a61881,Christine Law,2025-04-11,13:11:39,-07:00,2025-04-11T13:11:39-07:00,0,8
style.css,112,css,fcb0033a,Christine Law,2025-04-11,12:52:54,-07:00,2025-04-11T12:52:54-07:00,0,0
style.css,113,css,fcb0033a,Christine Law,2025-04-11,12:52:54,-07:00,2025-04-11T12:52:54-07:00,0,0
style.css,114,css,fcb0033a,Christine Law,2025-04-11,12:52:54,-07:00,2025-04-11T12:52:54-07:00,0,18
style.css,115,css,fcb0033a,Christine Law,2025-04-11,12:52:54,-07:00,2025-04-11T12:52:54-07:00,0,13
style.css,116,css,fcb0033a,Christine Law,2025-04-11,12:52:54,-07:00,2025-04-11T12:52:54-07:00,0,27
style.css,117,css,fcb0033a,Christine Law,2025-04-11,12:52:54,-07:00,2025-04-11T12:52:54-07:00,0,16
style.css,118,css,fcb0033a,Christine Law,2025-04-11,12:52:54,-07:00,2025-04-11T12:52:54-07:00,0,0
style.css,119,css,fcb0033a,Christine Law,2025-04-11,12:52:54,-07:00,2025-04-11T12:52:54-07:00,0,0
style.css,120,css,fcb0033a,Christine Law,2025-04-11,12:52:54,-07:00,2025-04-11T12:52:54-07:00,0,20
style.css,121,css,fcb0033a,Christine Law,2025-04-11,12:52:54,-07:00,2025-04-11T12:52:54-07:00,0,9
style.css,122,css,322a25e7,Christine Law,2025-04-11,12:55:36,-07:00,2025-04-11T12:55:36-07:00,0,0
style.css,123,css,322a25e7,Christine Law,2025-04-11,12:55:36,-07:00,2025-04-11T12:55:36-07:00,0,0
style.css,124,css,4ca4c07f,Christine Law,2025-04-26,00:14:41,-07:00,2025-04-26T00:14:41-07:00,0,14
style.css,125,css,4ca4c07f,Christine Law,2025-04-26,00:14:41,-07:00,2025-04-26T00:14:41-07:00,0,15
style.css,126,css,4ca4c07f,Christine Law,2025-04-26,00:14:41,-07:00,2025-04-26T00:14:41-07:00,0,12
style.css,127,css,4ca4c07f,Christine Law,2025-04-26,00:14:41,-07:00,2025-04-26T00:14:41-07:00,0,18
style.css,128,css,4ca4c07f,Christine Law,2025-04-26,00:14:41,-07:00,2025-04-26T00:14:41-07:00,0,19
style.css,129,css,4ca4c07f,Christine Law,2025-04-26,00:14:41,-07:00,2025-04-26T00:14:41-07:00,0,0
style.css,130,css,4ca4c07f,Christine Law,2025-04-26,00:14:41,-07:00,2025-04-26T00:14:41-07:00,0,0
style.css,131,css,4ca4c07f,Christine Law,2025-04-26,00:14:41,-07:00,2025-04-26T00:14:41-07:00,0,12
style.css,132,css,4ca4c07f,Christine Law,2025-04-26,00:14:41,-07:00,2025-04-26T00:14:41-07:00,0,18
style.css,133,css,4ca4c07f,Christine Law,2025-04-26,00:14:41,-07:00,2025-04-26T00:14:41-07:00,0,16
style.css,134,css,4ca4c07f,Christine Law,2025-04-26,00:14:41,-07:00,2025-04-26T00:14:41-07:00,0,0
style.css,135,css,4ca4c07f,Christine Law,2025-04-26,00:14:41,-07:00,2025-04-26T00:14:41-07:00,0,0
style.css,136,css,322a25e7,Christine Law,2025-04-11,12:55:36,-07:00,2025-04-11T12:55:36-07:00,0,3
style.css,137,css,322a25e7,Christine Law,2025-04-11,12:55:36,-07:00,2025-04-11T12:55:36-07:00,0,14
style.css,138,css,322a25e7,Christine Law,2025-04-11,12:55:36,-07:00,2025-04-11T12:55:36-07:00,0,0
style.css,139,css,322a25e7,Christine Law,2025-04-11,12:55:36,-07:00,2025-04-11T12:55:36-07:00,0,0
style.css,140,css,322a25e7,Christine Law,2025-04-11,12:55:36,-07:00,2025-04-11T12:55:36-07:00,0,23
style.css,141,css,322a25e7,Christine Law,2025-04-11,12:55:36,-07:00,2025-04-11T12:55:36-07:00,0,16
style.css,142,css,322a25e7,Christine Law,2025-04-11,12:55:36,-07:00,2025-04-11T12:55:36-07:00,0,18
style.css,143,css,9c40219c,Christine Law,2025-04-11,13:22:31,-07:00,2025-04-11T13:22:31-07:00,0,0
style.css,144,css,9c40219c,Christine Law,2025-04-11,13:22:31,-07:00,2025-04-11T13:22:31-07:00,0,0
style.css,145,css,9c40219c,Christine Law,2025-04-11,13:22:31,-07:00,2025-04-11T13:22:31-07:00,0,17
style.css,146,css,9c40219c,Christine Law,2025-04-11,13:22:31,-07:00,2025-04-11T13:22:31-07:00,0,0
style.css,147,css,9c40219c,Christine Law,2025-04-11,13:22:31,-07:00,2025-04-11T13:22:31-07:00,0,23
style.css,148,css,9c40219c,Christine Law,2025-04-11,13:22:31,-07:00,2025-04-11T13:22:31-07:00,0,14
style.css,149,css,9c40219c,Christine Law,2025-04-11,13:22:31,-07:00,2025-04-11T13:22:31-07:00,0,0
style.css,150,css,9c40219c,Christine Law,2025-04-11,13:22:31,-07:00,2025-04-11T13:22:31-07:00,0,0
style.css,151,css,9c40219c,Christine Law,2025-04-11,13:22:31,-07:00,2025-04-11T13:22:31-07:00,0,11
style.css,152,css,039e2ac1,Christine Law,2025-04-11,20:36:58,-07:00,2025-04-11T20:36:58-07:00,0,44
style.css,153,css,9c40219c,Christine Law,2025-04-11,13:22:31,-07:00,2025-04-11T13:22:31-07:00,0,19
style.css,154,css,9c40219c,Christine Law,2025-04-11,13:22:31,-07:00,2025-04-11T13:22:31-07:00,0,0
style.css,155,css,9c40219c,Christine Law,2025-04-11,13:22:31,-07:00,2025-04-11T13:22:31-07:00,0,0
style.css,156,css,7e1acd21,Christine Law,2025-04-12,18:18:28,-07:00,2025-04-12T18:18:28-07:00,0,19
style.css,157,css,2fba24c1,Christine Law,2025-04-12,18:21:38,-07:00,2025-04-12T18:21:38-07:00,0,26
style.css,158,css,7e1acd21,Christine Law,2025-04-12,18:18:28,-07:00,2025-04-12T18:18:28-07:00,0,21
style.css,159,css,7e1acd21,Christine Law,2025-04-12,18:18:28,-07:00,2025-04-12T18:18:28-07:00,0,0
style.css,160,css,7e1acd21,Christine Law,2025-04-12,18:18:28,-07:00,2025-04-12T18:18:28-07:00,0,0
style.css,161,css,7e1acd21,Christine Law,2025-04-12,18:18:28,-07:00,2025-04-12T18:18:28-07:00,0,25
style.css,162,css,7e1acd21,Christine Law,2025-04-12,18:18:28,-07:00,2025-04-12T18:18:28-07:00,0,26
style.css,163,css,7e1acd21,Christine Law,2025-04-12,18:18:28,-07:00,2025-04-12T18:18:28-07:00,0,0
style.css,164,css,7e1acd21,Christine Law,2025-04-12,18:18:28,-07:00,2025-04-12T18:18:28-07:00,0,0
style.css,165,css,9c40219c,Christine Law,2025-04-11,13:22:31,-07:00,2025-04-11T13:22:31-07:00,0,11
style.css,166,css,9c40219c,Christine Law,2025-04-11,13:22:31,-07:00,2025-04-11T13:22:31-07:00,0,21
style.css,167,css,9c40219c,Christine Law,2025-04-11,13:22:31,-07:00,2025-04-11T13:22:31-07:00,0,10
style.css,168,css,9c40219c,Christine Law,2025-04-11,13:22:31,-07:00,2025-04-11T13:22:31-07:00,0,0
style.css,169,css,9c40219c,Christine Law,2025-04-11,13:22:31,-07:00,2025-04-11T13:22:31-07:00,0,0
style.css,170,css,9c40219c,Christine Law,2025-04-11,13:22:31,-07:00,2025-04-11T13:22:31-07:00,0,11
style.css,171,css,9c40219c,Christine Law,2025-04-11,13:22:31,-07:00,2025-04-11T13:22:31-07:00,0,19
style.css,172,css,9c40219c,Christine Law,2025-04-11,13:22:31,-07:00,2025-04-11T13:22:31-07:00,0,0
style.css,173,css,9c40219c,Christine Law,2025-04-11,13:22:31,-07:00,2025-04-11T13:22:31-07:00,0,0
style.css,174,css,9c40219c,Christine Law,2025-04-11,13:22:31,-07:00,2025-04-11T13:22:31-07:00,0,17
style.css,175,css,9c40219c,Christine Law,2025-04-11,13:22:31,-07:00,2025-04-11T13:22:31-07:00,0,19
style.css,176,css,9c40219c,Christine Law,2025-04-11,13:22:31,-07:00,2025-04-11T13:22:31-07:00,0,0
style.css,177,css,9c40219c,Christine Law,2025-04-11,13:22:31,-07:00,2025-04-11T13:22:31-07:00,0,0
style.css,178,css,9c40219c,Christine Law,2025-04-11,13:22:31,-07:00,2025-04-11T13:22:31-07:00,0,14
style.css,179,css,9c40219c,Christine Law,2025-04-11,13:22:31,-07:00,2025-04-11T13:22:31-07:00,0,17
style.css,180,css,9c40219c,Christine Law,2025-04-11,13:22:31,-07:00,2025-04-11T13:22:31-07:00,0,0
style.css,181,css,9c40219c,Christine Law,2025-04-11,13:22:31,-07:00,2025-04-11T13:22:31-07:00,0,0
style.css,182,css,9c40219c,Christine Law,2025-04-11,13:22:31,-07:00,2025-04-11T13:22:31-07:00,0,14
style.css,183,css,9c40219c,Christine Law,2025-04-11,13:22:31,-07:00,2025-04-11T13:22:31-07:00,0,12
style.css,184,css,9c40219c,Christine Law,2025-04-11,13:22:31,-07:00,2025-04-11T13:22:31-07:00,0,11
style.css,185,css,9c40219c,Christine Law,2025-04-11,13:22:31,-07:00,2025-04-11T13:22:31-07:00,0,0
style.css,186,css,2229c58a,Christine Law,2025-04-11,14:00:13,-07:00,2025-04-11T14:00:13-07:00,0,0
style.css,187,css,9c43e0b9,Christine Law,2025-04-11,21:02:09,-07:00,2025-04-11T21:02:09-07:00,0,7
style.css,188,css,2ac1dd73,Christine Law,2025-04-11,20:54:37,-07:00,2025-04-11T20:54:37-07:00,0,13
style.css,189,css,9c43e0b9,Christine Law,2025-04-11,21:02:09,-07:00,2025-04-11T21:02:09-07:00,0,56
style.css,190,css,2ac1dd73,Christine Law,2025-04-11,20:54:37,-07:00,2025-04-11T20:54:37-07:00,0,9
style.css,191,css,9c43e0b9,Christine Law,2025-04-11,21:02:09,-07:00,2025-04-11T21:02:09-07:00,0,19
style.css,192,css,9c43e0b9,Christine Law,2025-04-11,21:02:09,-07:00,2025-04-11T21:02:09-07:00,0,14
style.css,193,css,2ac1dd73,Christine Law,2025-04-11,20:54:37,-07:00,2025-04-11T20:54:37-07:00,0,0
style.css,194,css,2ac1dd73,Christine Law,2025-04-11,20:54:37,-07:00,2025-04-11T20:54:37-07:00,0,0
style.css,195,css,2ac1dd73,Christine Law,2025-04-11,20:54:37,-07:00,2025-04-11T20:54:37-07:00,0,10
style.css,196,css,9c43e0b9,Christine Law,2025-04-11,21:02:09,-07:00,2025-04-11T21:02:09-07:00,0,15
style.css,197,css,9c43e0b9,Christine Law,2025-04-11,21:02:09,-07:00,2025-04-11T21:02:09-07:00,0,19
style.css,198,css,9c43e0b9,Christine Law,2025-04-11,21:02:09,-07:00,2025-04-11T21:02:09-07:00,0,40
style.css,199,css,2ac1dd73,Christine Law,2025-04-11,20:54:37,-07:00,2025-04-11T20:54:37-07:00,0,0
style.css,200,css,2ac1dd73,Christine Law,2025-04-11,20:54:37,-07:00,2025-04-11T20:54:37-07:00,0,0
style.css,201,css,9c43e0b9,Christine Law,2025-04-11,21:02:09,-07:00,2025-04-11T21:02:09-07:00,0,7
style.css,202,css,2ac1dd73,Christine Law,2025-04-11,20:54:37,-07:00,2025-04-11T20:54:37-07:00,0,17
style.css,203,css,2ac1dd73,Christine Law,2025-04-11,20:54:37,-07:00,2025-04-11T20:54:37-07:00,0,16
style.css,204,css,2ac1dd73,Christine Law,2025-04-11,20:54:37,-07:00,2025-04-11T20:54:37-07:00,0,0
style.css,205,css,b79e27e0,Christine Law,2025-04-18,19:27:55,-07:00,2025-04-18T19:27:55-07:00,0,0
style.css,206,css,44933b07,Christine Law,2025-04-18,19:51:36,-07:00,2025-04-18T19:51:36-07:00,0,53
style.css,207,css,44933b07,Christine Law,2025-04-18,19:51:36,-07:00,2025-04-18T19:51:36-07:00,0,0
style.css,208,css,44933b07,Christine Law,2025-04-18,19:51:36,-07:00,2025-04-18T19:51:36-07:00,0,25
style.css,209,css,44933b07,Christine Law,2025-04-18,19:51:36,-07:00,2025-04-18T19:51:36-07:00,0,22
style.css,210,css,44933b07,Christine Law,2025-04-18,19:51:36,-07:00,2025-04-18T19:51:36-07:00,0,11
style.css,211,css,44933b07,Christine Law,2025-04-18,19:51:36,-07:00,2025-04-18T19:51:36-07:00,0,0
style.css,212,css,44933b07,Christine Law,2025-04-18,19:51:36,-07:00,2025-04-18T19:51:36-07:00,0,0
style.css,213,css,44933b07,Christine Law,2025-04-18,19:51:36,-07:00,2025-04-18T19:51:36-07:00,0,24
style.css,214,css,ec4aa9a4,Christine Law,2025-04-18,19:56:10,-07:00,2025-04-18T19:56:10-07:00,0,22
style.css,215,css,44933b07,Christine Law,2025-04-18,19:51:36,-07:00,2025-04-18T19:51:36-07:00,0,11
style.css,216,css,28e06fb5,Christine Law,2025-04-18,23:20:10,-07:00,2025-04-18T23:20:10-07:00,0,40
style.css,217,css,28e06fb5,Christine Law,2025-04-18,23:20:10,-07:00,2025-04-18T23:20:10-07:00,0,44
style.css,218,css,44933b07,Christine Law,2025-04-18,19:51:36,-07:00,2025-04-18T19:51:36-07:00,0,0
style.css,219,css,44933b07,Christine Law,2025-04-18,19:51:36,-07:00,2025-04-18T19:51:36-07:00,0,0
style.css,220,css,44933b07,Christine Law,2025-04-18,19:51:36,-07:00,2025-04-18T19:51:36-07:00,0,34
style.css,221,css,44933b07,Christine Law,2025-04-18,19:51:36,-07:00,2025-04-18T19:51:36-07:00,0,22
style.css,222,css,44933b07,Christine Law,2025-04-18,19:51:36,-07:00,2025-04-18T19:51:36-07:00,0,0
style.css,223,css,44933b07,Christine Law,2025-04-18,19:51:36,-07:00,2025-04-18T19:51:36-07:00,0,0
style.css,224,css,44933b07,Christine Law,2025-04-18,19:51:36,-07:00,2025-04-18T19:51:36-07:00,0,32
style.css,225,css,44933b07,Christine Law,2025-04-18,19:51:36,-07:00,2025-04-18T19:51:36-07:00,0,70
style.css,226,css,44933b07,Christine Law,2025-04-18,19:51:36,-07:00,2025-04-18T19:51:36-07:00,0,0
style.css,227,css,44933b07,Christine Law,2025-04-18,19:51:36,-07:00,2025-04-18T19:51:36-07:00,0,0
style.css,228,css,44933b07,Christine Law,2025-04-18,19:51:36,-07:00,2025-04-18T19:51:36-07:00,0,30
style.css,229,css,44933b07,Christine Law,2025-04-18,19:51:36,-07:00,2025-04-18T19:51:36-07:00,0,31
style.css,230,css,44933b07,Christine Law,2025-04-18,19:51:36,-07:00,2025-04-18T19:51:36-07:00,0,11
style.css,231,css,44933b07,Christine Law,2025-04-18,19:51:36,-07:00,2025-04-18T19:51:36-07:00,0,0
style.css,232,css,44933b07,Christine Law,2025-04-18,19:51:36,-07:00,2025-04-18T19:51:36-07:00,0,0
style.css,233,css,44933b07,Christine Law,2025-04-18,19:51:36,-07:00,2025-04-18T19:51:36-07:00,0,34
style.css,234,css,44933b07,Christine Law,2025-04-18,19:51:36,-07:00,2025-04-18T19:51:36-07:00,0,11
style.css,235,css,44933b07,Christine Law,2025-04-18,19:51:36,-07:00,2025-04-18T19:51:36-07:00,0,0
style.css,236,css,44933b07,Christine Law,2025-04-18,19:51:36,-07:00,2025-04-18T19:51:36-07:00,0,0
style.css,237,css,44933b07,Christine Law,2025-04-18,19:51:36,-07:00,2025-04-18T19:51:36-07:00,0,27
style.css,238,css,44933b07,Christine Law,2025-04-18,19:51:36,-07:00,2025-04-18T19:51:36-07:00,0,11
style.css,239,css,44933b07,Christine Law,2025-04-18,19:51:36,-07:00,2025-04-18T19:51:36-07:00,0,0
style.css,240,css,44933b07,Christine Law,2025-04-18,19:51:36,-07:00,2025-04-18T19:51:36-07:00,0,0
style.css,241,css,44933b07,Christine Law,2025-04-18,19:51:36,-07:00,2025-04-18T19:51:36-07:00,0,41
style.css,242,css,44933b07,Christine Law,2025-04-18,19:51:36,-07:00,2025-04-18T19:51:36-07:00,0,11
style.css,243,css,44933b07,Christine Law,2025-04-18,19:51:36,-07:00,2025-04-18T19:51:36-07:00,0,0
style.css,244,css,44933b07,Christine Law,2025-04-18,19:51:36,-07:00,2025-04-18T19:51:36-07:00,0,0
style.css,245,css,b79e27e0,Christine Law,2025-04-18,19:27:55,-07:00,2025-04-18T19:27:55-07:00,0,14
style.css,246,css,a85780c3,Christine Law,2025-04-18,21:11:29,-07:00,2025-04-18T21:11:29-07:00,0,18
style.css,247,css,3a4df86a,Christine Law,2025-04-18,22:46:16,-07:00,2025-04-18T22:46:16-07:00,0,9
style.css,248,css,a85780c3,Christine Law,2025-04-18,21:11:29,-07:00,2025-04-18T21:11:29-07:00,0,11
style.css,249,css,a85780c3,Christine Law,2025-04-18,21:11:29,-07:00,2025-04-18T21:11:29-07:00,0,14
style.css,250,css,a85780c3,Christine Law,2025-04-18,21:11:29,-07:00,2025-04-18T21:11:29-07:00,0,20
style.css,251,css,b79e27e0,Christine Law,2025-04-18,19:27:55,-07:00,2025-04-18T19:27:55-07:00,0,0
style.css,252,css,b79e27e0,Christine Law,2025-04-18,19:27:55,-07:00,2025-04-18T19:27:55-07:00,0,21
style.css,253,css,b79e27e0,Christine Law,2025-04-18,19:27:55,-07:00,2025-04-18T19:27:55-07:00,0,19
style.css,254,css,b79e27e0,Christine Law,2025-04-18,19:27:55,-07:00,2025-04-18T19:27:55-07:00,0,13
style.css,255,css,b79e27e0,Christine Law,2025-04-18,19:27:55,-07:00,2025-04-18T19:27:55-07:00,0,0
style.css,256,css,fb9946a8,Christine Law,2025-04-26,17:07:11,-07:00,2025-04-26T17:07:11-07:00,0,0
style.css,257,css,fb9946a8,Christine Law,2025-04-26,17:07:11,-07:00,2025-04-26T17:07:11-07:00,0,14
style.css,258,css,fb9946a8,Christine Law,2025-04-26,17:07:11,-07:00,2025-04-26T17:07:11-07:00,0,13
style.css,259,css,fb9946a8,Christine Law,2025-04-26,17:07:11,-07:00,2025-04-26T17:07:11-07:00,0,37
style.css,260,css,fb9946a8,Christine Law,2025-04-26,17:07:11,-07:00,2025-04-26T17:07:11-07:00,0,8
style.css,261,css,fb9946a8,Christine Law,2025-04-26,17:07:11,-07:00,2025-04-26T17:07:11-07:00,0,18
style.css,262,css,fb9946a8,Christine Law,2025-04-26,17:07:11,-07:00,2025-04-26T17:07:11-07:00,0,0
style.css,263,css,fb9946a8,Christine Law,2025-04-26,17:07:11,-07:00,2025-04-26T17:07:11-07:00,0,0
style.css,264,css,fb9946a8,Christine Law,2025-04-26,17:07:11,-07:00,2025-04-26T17:07:11-07:00,0,17
style.css,265,css,fb9946a8,Christine Law,2025-04-26,17:07:11,-07:00,2025-04-26T17:07:11-07:00,0,17
style.css,266,css,fb9946a8,Christine Law,2025-04-26,17:07:11,-07:00,2025-04-26T17:07:11-07:00,0,11
style.css,267,css,fb9946a8,Christine Law,2025-04-26,17:07:11,-07:00,2025-04-26T17:07:11-07:00,0,0
style.css,268,css,fb9946a8,Christine Law,2025-04-26,17:07:11,-07:00,2025-04-26T17:07:11-07:00,0,0
style.css,269,css,fb9946a8,Christine Law,2025-04-26,17:07:11,-07:00,2025-04-26T17:07:11-07:00,0,17
style.css,270,css,fb9946a8,Christine Law,2025-04-26,17:07:11,-07:00,2025-04-26T17:07:11-07:00,0,9
style.css,271,css,fb9946a8,Christine Law,2025-04-26,17:07:11,-07:00,2025-04-26T17:07:11-07:00,0,11
style.css,272,css,fb9946a8,Christine Law,2025-04-26,17:07:11,-07:00,2025-04-26T17:07:11-07:00,0,0
style.css,273,css,49e16c37,Christine Law,2025-04-26,17:22:00,-07:00,2025-04-26T17:22:00-07:00,0,0
style.css,274,css,49e16c37,Christine Law,2025-04-26,17:22:00,-07:00,2025-04-26T17:22:00-07:00,0,18
style.css,275,css,49e16c37,Christine Law,2025-04-26,17:22:00,-07:00,2025-04-26T17:22:00-07:00,0,13
style.css,276,css,49e16c37,Christine Law,2025-04-26,17:22:00,-07:00,2025-04-26T17:22:00-07:00,0,59
style.css,277,css,49e16c37,Christine Law,2025-04-26,17:22:00,-07:00,2025-04-26T17:22:00-07:00,0,18
style.css,278,css,49e16c37,Christine Law,2025-04-26,17:22:00,-07:00,2025-04-26T17:22:00-07:00,0,0
style.css,279,css,49e16c37,Christine Law,2025-04-26,17:22:00,-07:00,2025-04-26T17:22:00-07:00,0,0
style.css,280,css,49e16c37,Christine Law,2025-04-26,17:22:00,-07:00,2025-04-26T17:22:00-07:00,0,18
style.css,281,css,49e16c37,Christine Law,2025-04-26,17:22:00,-07:00,2025-04-26T17:22:00-07:00,0,53
style.css,282,css,49e16c37,Christine Law,2025-04-26,17:22:00,-07:00,2025-04-26T17:22:00-07:00,0,47
style.css,283,css,49e16c37,Christine Law,2025-04-26,17:22:00,-07:00,2025-04-26T17:22:00-07:00,0,25
style.css,284,css,49e16c37,Christine Law,2025-04-26,17:22:00,-07:00,2025-04-26T17:22:00-07:00,0,22
style.css,285,css,49e16c37,Christine Law,2025-04-26,17:22:00,-07:00,2025-04-26T17:22:00-07:00,0,58
style.css,286,css,49e16c37,Christine Law,2025-04-26,17:22:00,-07:00,2025-04-26T17:22:00-07:00,0,20
style.css,287,css,49e16c37,Christine Law,2025-04-26,17:22:00,-07:00,2025-04-26T17:22:00-07:00,0,0
style.css,288,css,49e16c37,Christine Law,2025-04-26,17:22:00,-07:00,2025-04-26T17:22:00-07:00,0,0
style.css,289,css,49e16c37,Christine Law,2025-04-26,17:22:00,-07:00,2025-04-26T17:22:00-07:00,0,18
style.css,290,css,49e16c37,Christine Law,2025-04-26,17:22:00,-07:00,2025-04-26T17:22:00-07:00,0,54
style.css,291,css,49e16c37,Christine Law,2025-04-26,17:22:00,-07:00,2025-04-26T17:22:00-07:00,0,16
style.css,292,css,49e16c37,Christine Law,2025-04-26,17:22:00,-07:00,2025-04-26T17:22:00-07:00,0,17
style.css,293,css,49e16c37,Christine Law,2025-04-26,17:22:00,-07:00,2025-04-26T17:22:00-07:00,0,9
style.css,294,css,49e16c37,Christine Law,2025-04-26,17:22:00,-07:00,2025-04-26T17:22:00-07:00,0,0
style.css,295,css,64d11c8a,Christine Law,2025-04-30,19:23:53,-07:00,2025-04-30T19:23:53-07:00,0,0
style.css,296,css,64d11c8a,Christine Law,2025-04-30,19:23:53,-07:00,2025-04-30T19:23:53-07:00,0,19
style.css,297,css,64d11c8a,Christine Law,2025-04-30,19:23:53,-07:00,2025-04-30T19:23:53-07:00,0,15
style.css,298,css,64d11c8a,Christine Law,2025-04-30,19:23:53,-07:00,2025-04-30T19:23:53-07:00,0,17
style.css,299,css,64d11c8a,Christine Law,2025-04-30,19:23:53,-07:00,2025-04-30T19:23:53-07:00,0,17
style.css,300,css,64d11c8a,Christine Law,2025-04-30,19:23:53,-07:00,2025-04-30T19:23:53-07:00,0,0
style.css,301,css,83200838,Christine Law,2025-05-01,22:09:10,-07:00,2025-05-01T22:09:10-07:00,0,0
style.css,302,css,83200838,Christine Law,2025-05-01,22:09:10,-07:00,2025-05-01T22:09:10-07:00,0,8
style.css,303,css,83200838,Christine Law,2025-05-01,22:09:10,-07:00,2025-05-01T22:09:10-07:00,0,13
style.css,304,css,83200838,Christine Law,2025-05-01,22:09:10,-07:00,2025-05-01T22:09:10-07:00,0,58
style.css,305,css,83200838,Christine Law,2025-05-01,22:09:10,-07:00,2025-05-01T22:09:10-07:00,0,35
style.css,306,css,83200838,Christine Law,2025-05-01,22:09:10,-07:00,2025-05-01T22:09:10-07:00,0,13
style.css,307,css,83200838,Christine Law,2025-05-01,22:09:10,-07:00,2025-05-01T22:09:10-07:00,0,22
style.css,308,css,83200838,Christine Law,2025-05-01,22:09:10,-07:00,2025-05-01T22:09:10-07:00,0,21
style.css,309,css,83200838,Christine Law,2025-05-01,22:09:10,-07:00,2025-05-01T22:09:10-07:00,0,14
style.css,310,css,83200838,Christine Law,2025-05-01,22:09:10,-07:00,2025-05-01T22:09:10-07:00,0,25
style.css,311,css,f66f1bce,Christine Law,2025-05-01,22:13:40,-07:00,2025-05-01T22:13:40-07:00,0,7
style.css,312,css,f66f1bce,Christine Law,2025-05-01,22:13:40,-07:00,2025-05-01T22:13:40-07:00,0,16
style.css,313,css,83200838,Christine Law,2025-05-01,22:09:10,-07:00,2025-05-01T22:09:10-07:00,0,0
style.css,314,css,83200838,Christine Law,2025-05-01,22:09:10,-07:00,2025-05-01T22:09:10-07:00,0,0
style.css,315,css,83200838,Christine Law,2025-05-01,22:09:10,-07:00,2025-05-01T22:09:10-07:00,0,13
style.css,316,css,83200838,Christine Law,2025-05-01,22:09:10,-07:00,2025-05-01T22:09:10-07:00,0,13
style.css,317,css,83200838,Christine Law,2025-05-01,22:09:10,-07:00,2025-05-01T22:09:10-07:00,0,19
style.css,318,css,83200838,Christine Law,2025-05-01,22:09:10,-07:00,2025-05-01T22:09:10-07:00,0,46
style.css,319,css,83200838,Christine Law,2025-05-01,22:09:10,-07:00,2025-05-01T22:09:10-07:00,0,0
style.css,320,css,83200838,Christine Law,2025-05-01,22:09:10,-07:00,2025-05-01T22:09:10-07:00,0,0
style.css,321,css,83200838,Christine Law,2025-05-01,22:09:10,-07:00,2025-05-01T22:09:10-07:00,0,21
style.css,322,css,83200838,Christine Law,2025-05-01,22:09:10,-07:00,2025-05-01T22:09:10-07:00,0,21
style.css,323,css,83200838,Christine Law,2025-05-01,22:09:10,-07:00,2025-05-01T22:09:10-07:00,0,10
style.css,324,css,83200838,Christine Law,2025-05-01,22:09:10,-07:00,2025-05-01T22:09:10-07:00,0,11
style.css,325,css,83200838,Christine Law,2025-05-01,22:09:10,-07:00,2025-05-01T22:09:10-07:00,0,19
style.css,326,css,83200838,Christine Law,2025-05-01,22:09:10,-07:00,2025-05-01T22:09:10-07:00,0,30
style.css,327,css,83200838,Christine Law,2025-05-01,22:09:10,-07:00,2025-05-01T22:09:10-07:00,0,18
style.css,328,css,83200838,Christine Law,2025-05-01,22:09:10,-07:00,2025-05-01T22:09:10-07:00,0,0
style.css,329,css,83200838,Christine Law,2025-05-01,22:09:10,-07:00,2025-05-01T22:09:10-07:00,0,0
style.css,330,css,f66f1bce,Christine Law,2025-05-01,22:13:40,-07:00,2025-05-01T22:13:40-07:00,0,11
style.css,331,css,f66f1bce,Christine Law,2025-05-01,22:13:40,-07:00,2025-05-01T22:13:40-07:00,0,13
style.css,332,css,f66f1bce,Christine Law,2025-05-01,22:13:40,-07:00,2025-05-01T22:13:40-07:00,0,49
style.css,333,css,f66f1bce,Christine Law,2025-05-01,22:13:40,-07:00,2025-05-01T22:13:40-07:00,0,55
style.css,334,css,f66f1bce,Christine Law,2025-05-01,22:13:40,-07:00,2025-05-01T22:13:40-07:00,0,64
style.css,335,css,f66f1bce,Christine Law,2025-05-01,22:13:40,-07:00,2025-05-01T22:13:40-07:00,0,0
style.css,336,css,f66f1bce,Christine Law,2025-05-01,22:13:40,-07:00,2025-05-01T22:13:40-07:00,0,0
style.css,337,css,ce2181e1,Christine Law,2025-05-01,23:05:28,-07:00,2025-05-01T23:05:28-07:00,0,11
style.css,338,css,ce2181e1,Christine Law,2025-05-01,23:05:28,-07:00,2025-05-01T23:05:28-07:00,0,20
style.css,339,css,ce2181e1,Christine Law,2025-05-01,23:05:28,-07:00,2025-05-01T23:05:28-07:00,0,0
style.css,340,css,7ae82bf6,Christine Law,2025-05-01,23:30:01,-07:00,2025-05-01T23:30:01-07:00,0,0
style.css,341,css,7ae82bf6,Christine Law,2025-05-01,23:30:01,-07:00,2025-05-01T23:30:01-07:00,0,52
style.css,342,css,7ae82bf6,Christine Law,2025-05-01,23:30:01,-07:00,2025-05-01T23:30:01-07:00,0,12
style.css,343,css,7ae82bf6,Christine Law,2025-05-01,23:30:01,-07:00,2025-05-01T23:30:01-07:00,0,0
style.css,344,css,7ae82bf6,Christine Law,2025-05-01,23:30:01,-07:00,2025-05-01T23:30:01-07:00,0,0
style.css,345,css,57fa7c12,Christine Law,2025-05-01,23:30:17,-07:00,2025-05-01T23:30:17-07:00,0,5
style.css,346,css,57fa7c12,Christine Law,2025-05-01,23:30:17,-07:00,2025-05-01T23:30:17-07:00,0,17
style.css,347,css,ae2276dc,Christine Law,2025-05-02,00:22:58,-07:00,2025-05-02T00:22:58-07:00,0,15
style.css,348,css,ae2276dc,Christine Law,2025-05-02,00:22:58,-07:00,2025-05-02T00:22:58-07:00,0,0
style.css,349,css,ae2276dc,Christine Law,2025-05-02,00:22:58,-07:00,2025-05-02T00:22:58-07:00,0,0
style.css,350,css,ae2276dc,Christine Law,2025-05-02,00:22:58,-07:00,2025-05-02T00:22:58-07:00,0,14
style.css,351,css,ae2276dc,Christine Law,2025-05-02,00:22:58,-07:00,2025-05-02T00:22:58-07:00,0,33
style.css,352,css,ae2276dc,Christine Law,2025-05-02,00:22:58,-07:00,2025-05-02T00:22:58-07:00,0,0
style.css,353,css,ae2276dc,Christine Law,2025-05-02,00:22:58,-07:00,2025-05-02T00:22:58-07:00,0,0
style.css,354,css,c91859ea,Christine Law,2025-05-02,00:40:33,-07:00,2025-05-02T00:40:33-07:00,0,15
style.css,355,css,ae2276dc,Christine Law,2025-05-02,00:22:58,-07:00,2025-05-02T00:22:58-07:00,0,25
style.css,356,css,c91859ea,Christine Law,2025-05-02,00:40:33,-07:00,2025-05-02T00:40:33-07:00,0,3
style.css,357,css,c91859ea,Christine Law,2025-05-02,00:40:33,-07:00,2025-05-02T00:40:33-07:00,0,0
style.css,358,css,c91859ea,Christine Law,2025-05-02,00:40:33,-07:00,2025-05-02T00:40:33-07:00,0,13
style.css,359,css,d913e566,Christine Law,2025-05-02,09:16:38,-07:00,2025-05-02T09:16:38-07:00,0,16
style.css,360,css,c91859ea,Christine Law,2025-05-02,00:40:33,-07:00,2025-05-02T00:40:33-07:00,0,19
style.css,361,css,ae2276dc,Christine Law,2025-05-02,00:22:58,-07:00,2025-05-02T00:22:58-07:00,0,0
style.css,362,css,c91859ea,Christine Law,2025-05-02,00:40:33,-07:00,2025-05-02T00:40:33-07:00,0,0
style.css,363,css,c91859ea,Christine Law,2025-05-02,00:40:33,-07:00,2025-05-02T00:40:33-07:00,0,21
style.css,364,css,c91859ea,Christine Law,2025-05-02,00:40:33,-07:00,2025-05-02T00:40:33-07:00,0,30
style.css,365,css,c91859ea,Christine Law,2025-05-02,00:40:33,-07:00,2025-05-02T00:40:33-07:00,0,21
style.css,366,css,c91859ea,Christine Law,2025-05-02,00:40:33,-07:00,2025-05-02T00:40:33-07:00,0,10
style.css,367,css,c91859ea,Christine Law,2025-05-02,00:40:33,-07:00,2025-05-02T00:40:33-07:00,0,11
style.css,368,css,c91859ea,Christine Law,2025-05-02,00:40:33,-07:00,2025-05-02T00:40:33-07:00,0,19
style.css,369,css,c91859ea,Christine Law,2025-05-02,00:40:33,-07:00,2025-05-02T00:40:33-07:00,0,0
style.css,370,css,c91859ea,Christine Law,2025-05-02,00:40:33,-07:00,2025-05-02T00:40:33-07:00,0,0
style.css,371,css,c91859ea,Christine Law,2025-05-02,00:40:33,-07:00,2025-05-02T00:40:33-07:00,0,22
style.css,372,css,c91859ea,Christine Law,2025-05-02,00:40:33,-07:00,2025-05-02T00:40:33-07:00,0,25
style.css,373,css,c91859ea,Christine Law,2025-05-02,00:40:33,-07:00,2025-05-02T00:40:33-07:00,0,0
index.js,1,js,58eb56e0,Christine Law,2025-04-25,23:53:44,-07:00,2025-04-25T23:53:44-07:00,0,72
index.js,2,js,58eb56e0,Christine Law,2025-04-25,23:53:44,-07:00,2025-04-25T23:53:44-07:00,0,55
index.js,3,js,58eb56e0,Christine Law,2025-04-25,23:53:44,-07:00,2025-04-25T23:53:44-07:00,0,43
index.js,4,js,3e3e7f18,Christine Law,2025-04-25,23:05:15,-07:00,2025-04-25T23:05:15-07:00,0,0
index.js,5,js,58eb56e0,Christine Law,2025-04-25,23:53:44,-07:00,2025-04-25T23:53:44-07:00,0,61
index.js,6,js,913dea6e,Christine Law,2025-04-25,23:08:16,-07:00,2025-04-25T23:08:16-07:00,0,0
index.js,7,js,58eb56e0,Christine Law,2025-04-25,23:53:44,-07:00,2025-04-25T23:53:44-07:00,0,55
index.js,8,js,913dea6e,Christine Law,2025-04-25,23:08:16,-07:00,2025-04-25T23:08:16-07:00,0,0
index.js,9,js,fb9946a8,Christine Law,2025-04-26,17:07:11,-07:00,2025-04-26T17:07:11-07:00,0,55
index.js,10,js,fb9946a8,Christine Law,2025-04-26,17:07:11,-07:00,2025-04-26T17:07:11-07:00,0,61
index.js,11,js,fb9946a8,Christine Law,2025-04-26,17:07:11,-07:00,2025-04-26T17:07:11-07:00,0,0
index.js,12,js,fb9946a8,Christine Law,2025-04-26,17:07:11,-07:00,2025-04-26T17:07:11-07:00,0,18
index.js,13,js,fb9946a8,Christine Law,2025-04-26,17:07:11,-07:00,2025-04-26T17:07:11-07:00,0,25
index.js,14,js,fb9946a8,Christine Law,2025-04-26,17:07:11,-07:00,2025-04-26T17:07:11-07:00,0,3
index.js,15,js,fb9946a8,Christine Law,2025-04-26,17:07:11,-07:00,2025-04-26T17:07:11-07:00,0,56
index.js,16,js,fb9946a8,Christine Law,2025-04-26,17:07:11,-07:00,2025-04-26T17:07:11-07:00,0,56
index.js,17,js,fb9946a8,Christine Law,2025-04-26,17:07:11,-07:00,2025-04-26T17:07:11-07:00,0,50
index.js,18,js,fb9946a8,Christine Law,2025-04-26,17:07:11,-07:00,2025-04-26T17:07:11-07:00,0,50
index.js,19,js,fb9946a8,Christine Law,2025-04-26,17:07:11,-07:00,2025-04-26T17:07:11-07:00,0,4
index.js,20,js,fb9946a8,Christine Law,2025-04-26,17:07:11,-07:00,2025-04-26T17:07:11-07:00,0,1
index.js,21,js,fb9946a8,Christine Law,2025-04-26,17:07:11,-07:00,2025-04-26T17:07:11-07:00,0,0
index.html,1,html,7688df39,Christine Law,2025-04-04,13:20:18,-07:00,2025-04-04T13:20:18-07:00,0,14
index.html,2,html,7688df39,Christine Law,2025-04-04,13:20:18,-07:00,2025-04-04T13:20:18-07:00,0,15
index.html,3,html,7688df39,Christine Law,2025-04-04,13:20:18,-07:00,2025-04-04T13:20:18-07:00,0,5
index.html,4,html,7688df39,Christine Law,2025-04-04,13:20:18,-07:00,2025-04-04T13:20:18-07:00,0,21
index.html,5,html,7688df39,Christine Law,2025-04-04,13:20:18,-07:00,2025-04-04T13:20:18-07:00,0,69
index.html,6,html,428866d0,Christine Law,2025-04-09,12:28:44,-07:00,2025-04-09T12:28:44-07:00,0,56
index.html,7,html,10b7d7e7,Christine Law,2025-04-04,14:15:20,-07:00,2025-04-04T14:15:20-07:00,0,39
index.html,8,html,7688df39,Christine Law,2025-04-04,13:20:18,-07:00,2025-04-04T13:20:18-07:00,0,6
index.html,9,html,7688df39,Christine Law,2025-04-04,13:20:18,-07:00,2025-04-04T13:20:18-07:00,0,5
index.html,10,html,2229c58a,Christine Law,2025-04-11,14:00:13,-07:00,2025-04-11T14:00:13-07:00,0,50
index.html,11,html,9c43e0b9,Christine Law,2025-04-11,21:02:09,-07:00,2025-04-11T21:02:09-07:00,0,22
index.html,12,html,9c43e0b9,Christine Law,2025-04-11,21:02:09,-07:00,2025-04-11T21:02:09-07:00,0,144
index.html,13,html,9c43e0b9,Christine Law,2025-04-11,21:02:09,-07:00,2025-04-11T21:02:09-07:00,0,16
index.html,14,html,9c43e0b9,Christine Law,2025-04-11,21:02:09,-07:00,2025-04-11T21:02:09-07:00,0,95
index.html,15,html,9c43e0b9,Christine Law,2025-04-11,21:02:09,-07:00,2025-04-11T21:02:09-07:00,0,98
index.html,16,html,9c43e0b9,Christine Law,2025-04-11,21:02:09,-07:00,2025-04-11T21:02:09-07:00,0,104
index.html,17,html,9c43e0b9,Christine Law,2025-04-11,21:02:09,-07:00,2025-04-11T21:02:09-07:00,0,104
index.html,18,html,9c43e0b9,Christine Law,2025-04-11,21:02:09,-07:00,2025-04-11T21:02:09-07:00,0,100
index.html,19,html,9c43e0b9,Christine Law,2025-04-11,21:02:09,-07:00,2025-04-11T21:02:09-07:00,0,65
index.html,20,html,9c43e0b9,Christine Law,2025-04-11,21:02:09,-07:00,2025-04-11T21:02:09-07:00,0,3
index.html,21,html,9c43e0b9,Christine Law,2025-04-11,21:02:09,-07:00,2025-04-11T21:02:09-07:00,0,5
index.html,22,html,b65035dc,Christine Law,2025-04-25,22:00:41,-07:00,2025-04-25T22:00:41-07:00,0,9
index.html,23,html,3e3e7f18,Christine Law,2025-04-25,23:05:15,-07:00,2025-04-25T23:05:15-07:00,0,23
index.html,24,html,3e3e7f18,Christine Law,2025-04-25,23:05:15,-07:00,2025-04-25T23:05:15-07:00,0,21
index.html,25,html,3e3e7f18,Christine Law,2025-04-25,23:05:15,-07:00,2025-04-25T23:05:15-07:00,0,50
index.html,26,html,3e3e7f18,Christine Law,2025-04-25,23:05:15,-07:00,2025-04-25T23:05:15-07:00,0,5
index.html,27,html,fb9946a8,Christine Law,2025-04-26,17:07:11,-07:00,2025-04-26T17:07:11-07:00,0,23
index.html,28,html,fb9946a8,Christine Law,2025-04-26,17:07:11,-07:00,2025-04-26T17:07:11-07:00,0,23
index.html,29,html,fb9946a8,Christine Law,2025-04-26,17:07:11,-07:00,2025-04-26T17:07:11-07:00,0,24
index.html,30,html,fb9946a8,Christine Law,2025-04-26,17:07:11,-07:00,2025-04-26T17:07:11-07:00,0,0
index.html,31,html,fb9946a8,Christine Law,2025-04-26,17:07:11,-07:00,2025-04-26T17:07:11-07:00,0,4
index.html,32,html,fb9946a8,Christine Law,2025-04-26,17:07:11,-07:00,2025-04-26T17:07:11-07:00,0,5
index.html,33,html,3e3e7f18,Christine Law,2025-04-25,23:05:15,-07:00,2025-04-25T23:05:15-07:00,0,46
index.html,34,html,58eb56e0,Christine Law,2025-04-25,23:53:44,-07:00,2025-04-25T23:53:44-07:00,0,51
index.html,35,html,2ac1dd73,Christine Law,2025-04-11,20:54:37,-07:00,2025-04-11T20:54:37-07:00,0,6
index.html,36,html,7688df39,Christine Law,2025-04-04,13:20:18,-07:00,2025-04-04T13:20:18-07:00,0,6
global.js,1,js,a68104ee,Christine Law,2025-04-16,11:59:50,-07:00,2025-04-16T11:59:50-07:00,0,26
global.js,2,js,a68104ee,Christine Law,2025-04-16,11:59:50,-07:00,2025-04-16T11:59:50-07:00,0,0
global.js,3,js,4f8fb5e0,Christine Law,2025-04-18,18:47:37,-07:00,2025-04-18T18:47:37-07:00,0,69
global.js,4,js,4f8fb5e0,Christine Law,2025-04-18,18:47:37,-07:00,2025-04-18T18:47:37-07:00,0,12
global.js,5,js,4f8fb5e0,Christine Law,2025-04-18,18:47:37,-07:00,2025-04-18T18:47:37-07:00,0,26
global.js,6,js,4f8fb5e0,Christine Law,2025-04-18,18:47:37,-07:00,2025-04-18T18:47:37-07:00,0,39
global.js,7,js,4f8fb5e0,Christine Law,2025-04-18,18:47:37,-07:00,2025-04-18T18:47:37-07:00,0,37
global.js,8,js,4f8fb5e0,Christine Law,2025-04-18,18:47:37,-07:00,2025-04-18T18:47:37-07:00,0,35
global.js,9,js,4f8fb5e0,Christine Law,2025-04-18,18:47:37,-07:00,2025-04-18T18:47:37-07:00,0,58
global.js,10,js,4f8fb5e0,Christine Law,2025-04-18,18:47:37,-07:00,2025-04-18T18:47:37-07:00,0,1
global.js,11,js,4f8fb5e0,Christine Law,2025-04-18,18:47:37,-07:00,2025-04-18T18:47:37-07:00,0,0
global.js,12,js,4f8fb5e0,Christine Law,2025-04-18,18:47:37,-07:00,2025-04-18T18:47:37-07:00,0,89
global.js,13,js,a6cf6876,Christine Law,2025-04-18,18:56:15,-07:00,2025-04-18T18:56:15-07:00,0,14
global.js,14,js,4f8fb5e0,Christine Law,2025-04-18,18:47:37,-07:00,2025-04-18T18:47:37-07:00,0,56
global.js,15,js,4f8fb5e0,Christine Law,2025-04-18,18:47:37,-07:00,2025-04-18T18:47:37-07:00,0,0
global.js,16,js,4f8fb5e0,Christine Law,2025-04-18,18:47:37,-07:00,2025-04-18T18:47:37-07:00,0,38
global.js,17,js,4f8fb5e0,Christine Law,2025-04-18,18:47:37,-07:00,2025-04-18T18:47:37-07:00,0,39
global.js,18,js,4f8fb5e0,Christine Law,2025-04-18,18:47:37,-07:00,2025-04-18T18:47:37-07:00,0,26
global.js,19,js,4f8fb5e0,Christine Law,2025-04-18,18:47:37,-07:00,2025-04-18T18:47:37-07:00,0,0
global.js,20,js,4f8fb5e0,Christine Law,2025-04-18,18:47:37,-07:00,2025-04-18T18:47:37-07:00,0,48
global.js,21,js,4f8fb5e0,Christine Law,2025-04-18,18:47:37,-07:00,2025-04-18T18:47:37-07:00,0,21
global.js,22,js,4f8fb5e0,Christine Law,2025-04-18,18:47:37,-07:00,2025-04-18T18:47:37-07:00,0,15
global.js,23,js,4f8fb5e0,Christine Law,2025-04-18,18:47:37,-07:00,2025-04-18T18:47:37-07:00,0,19
global.js,24,js,4f8fb5e0,Christine Law,2025-04-18,18:47:37,-07:00,2025-04-18T18:47:37-07:00,0,0
global.js,25,js,4f8fb5e0,Christine Law,2025-04-18,18:47:37,-07:00,2025-04-18T18:47:37-07:00,0,33
global.js,26,js,4f8fb5e0,Christine Law,2025-04-18,18:47:37,-07:00,2025-04-18T18:47:37-07:00,0,53
global.js,27,js,4f8fb5e0,Christine Law,2025-04-18,18:47:37,-07:00,2025-04-18T18:47:37-07:00,0,0
global.js,28,js,4f8fb5e0,Christine Law,2025-04-18,18:47:37,-07:00,2025-04-18T18:47:37-07:00,0,24
global.js,29,js,4f8fb5e0,Christine Law,2025-04-18,18:47:37,-07:00,2025-04-18T18:47:37-07:00,0,35
global.js,30,js,4f8fb5e0,Christine Law,2025-04-18,18:47:37,-07:00,2025-04-18T18:47:37-07:00,0,12
global.js,31,js,4f8fb5e0,Christine Law,2025-04-18,18:47:37,-07:00,2025-04-18T18:47:37-07:00,0,21
global.js,32,js,4f8fb5e0,Christine Law,2025-04-18,18:47:37,-07:00,2025-04-18T18:47:37-07:00,0,0
global.js,33,js,4f8fb5e0,Christine Law,2025-04-18,18:47:37,-07:00,2025-04-18T18:47:37-07:00,0,28
global.js,34,js,4f8fb5e0,Christine Law,2025-04-18,18:47:37,-07:00,2025-04-18T18:47:37-07:00,0,18
global.js,35,js,4f8fb5e0,Christine Law,2025-04-18,18:47:37,-07:00,2025-04-18T18:47:37-07:00,0,9
global.js,36,js,4f8fb5e0,Christine Law,2025-04-18,18:47:37,-07:00,2025-04-18T18:47:37-07:00,0,59
global.js,37,js,4f8fb5e0,Christine Law,2025-04-18,18:47:37,-07:00,2025-04-18T18:47:37-07:00,0,1
global.js,38,js,4f8fb5e0,Christine Law,2025-04-18,18:47:37,-07:00,2025-04-18T18:47:37-07:00,0,0
global.js,39,js,4f8fb5e0,Christine Law,2025-04-18,18:47:37,-07:00,2025-04-18T18:47:37-07:00,0,34
global.js,40,js,4f8fb5e0,Christine Law,2025-04-18,18:47:37,-07:00,2025-04-18T18:47:37-07:00,0,30
global.js,41,js,4f8fb5e0,Christine Law,2025-04-18,18:47:37,-07:00,2025-04-18T18:47:37-07:00,0,19
global.js,42,js,4f8fb5e0,Christine Law,2025-04-18,18:47:37,-07:00,2025-04-18T18:47:37-07:00,0,0
global.js,43,js,4f8fb5e0,Christine Law,2025-04-18,18:47:37,-07:00,2025-04-18T18:47:37-07:00,0,0
global.js,44,js,4f8fb5e0,Christine Law,2025-04-18,18:47:37,-07:00,2025-04-18T18:47:37-07:00,0,25
global.js,45,js,4f8fb5e0,Christine Law,2025-04-18,18:47:37,-07:00,2025-04-18T18:47:37-07:00,0,13
global.js,46,js,640d19d8,Christine Law,2025-04-17,23:25:17,-07:00,2025-04-17T23:25:17-07:00,0,0
global.js,47,js,640d19d8,Christine Law,2025-04-17,23:25:17,-07:00,2025-04-17T23:25:17-07:00,0,0
global.js,48,js,b79e27e0,Christine Law,2025-04-18,19:27:55,-07:00,2025-04-18T19:27:55-07:00,0,55
global.js,49,js,b79e27e0,Christine Law,2025-04-18,19:27:55,-07:00,2025-04-18T19:27:55-07:00,0,32
global.js,50,js,b79e27e0,Christine Law,2025-04-18,19:27:55,-07:00,2025-04-18T19:27:55-07:00,0,12
global.js,51,js,b79e27e0,Christine Law,2025-04-18,19:27:55,-07:00,2025-04-18T19:27:55-07:00,0,0
global.js,52,js,b79e27e0,Christine Law,2025-04-18,19:27:55,-07:00,2025-04-18T19:27:55-07:00,0,27
global.js,53,js,b79e27e0,Christine Law,2025-04-18,19:27:55,-07:00,2025-04-18T19:27:55-07:00,0,5
global.js,54,js,b79e27e0,Christine Law,2025-04-18,19:27:55,-07:00,2025-04-18T19:27:55-07:00,0,32
global.js,55,js,b79e27e0,Christine Law,2025-04-18,19:27:55,-07:00,2025-04-18T19:27:55-07:00,0,43
global.js,56,js,b79e27e0,Christine Law,2025-04-18,19:27:55,-07:00,2025-04-18T19:27:55-07:00,0,35
global.js,57,js,b79e27e0,Christine Law,2025-04-18,19:27:55,-07:00,2025-04-18T19:27:55-07:00,0,33
global.js,58,js,b79e27e0,Christine Law,2025-04-18,19:27:55,-07:00,2025-04-18T19:27:55-07:00,0,8
global.js,59,js,b79e27e0,Christine Law,2025-04-18,19:27:55,-07:00,2025-04-18T19:27:55-07:00,0,7
global.js,60,js,b79e27e0,Christine Law,2025-04-18,19:27:55,-07:00,2025-04-18T19:27:55-07:00,0,0
global.js,61,js,b79e27e0,Christine Law,2025-04-18,19:27:55,-07:00,2025-04-18T19:27:55-07:00,0,1
global.js,62,js,b79e27e0,Christine Law,2025-04-18,19:27:55,-07:00,2025-04-18T19:27:55-07:00,0,0
global.js,63,js,b79e27e0,Christine Law,2025-04-18,19:27:55,-07:00,2025-04-18T19:27:55-07:00,0,24
global.js,64,js,b79e27e0,Christine Law,2025-04-18,19:27:55,-07:00,2025-04-18T19:27:55-07:00,0,72
global.js,65,js,b79e27e0,Christine Law,2025-04-18,19:27:55,-07:00,2025-04-18T19:27:55-07:00,0,37
global.js,66,js,b79e27e0,Christine Law,2025-04-18,19:27:55,-07:00,2025-04-18T19:27:55-07:00,0,0
global.js,67,js,b79e27e0,Christine Law,2025-04-18,19:27:55,-07:00,2025-04-18T19:27:55-07:00,0,52
global.js,68,js,b79e27e0,Christine Law,2025-04-18,19:27:55,-07:00,2025-04-18T19:27:55-07:00,0,34
global.js,69,js,b79e27e0,Christine Law,2025-04-18,19:27:55,-07:00,2025-04-18T19:27:55-07:00,0,28
global.js,70,js,b79e27e0,Christine Law,2025-04-18,19:27:55,-07:00,2025-04-18T19:27:55-07:00,0,77
global.js,71,js,48474098,Christine Law,2025-04-18,23:25:52,-07:00,2025-04-18T23:25:52-07:00,0,51
global.js,72,js,48474098,Christine Law,2025-04-18,23:25:52,-07:00,2025-04-18T23:25:52-07:00,0,37
global.js,73,js,48474098,Christine Law,2025-04-18,23:25:52,-07:00,2025-04-18T23:25:52-07:00,0,45
global.js,74,js,48474098,Christine Law,2025-04-18,23:25:52,-07:00,2025-04-18T23:25:52-07:00,0,60
global.js,75,js,48474098,Christine Law,2025-04-18,23:25:52,-07:00,2025-04-18T23:25:52-07:00,0,39
global.js,76,js,b79e27e0,Christine Law,2025-04-18,19:27:55,-07:00,2025-04-18T19:27:55-07:00,0,7
global.js,77,js,b79e27e0,Christine Law,2025-04-18,19:27:55,-07:00,2025-04-18T19:27:55-07:00,0,31
global.js,78,js,44933b07,Christine Law,2025-04-18,19:51:36,-07:00,2025-04-18T19:51:36-07:00,0,59
global.js,79,js,b79e27e0,Christine Law,2025-04-18,19:27:55,-07:00,2025-04-18T19:27:55-07:00,0,0
global.js,80,js,b79e27e0,Christine Law,2025-04-18,19:27:55,-07:00,2025-04-18T19:27:55-07:00,0,0
global.js,81,js,b79e27e0,Christine Law,2025-04-18,19:27:55,-07:00,2025-04-18T19:27:55-07:00,0,0
global.js,82,js,b79e27e0,Christine Law,2025-04-18,19:27:55,-07:00,2025-04-18T19:27:55-07:00,0,49
global.js,83,js,b79e27e0,Christine Law,2025-04-18,19:27:55,-07:00,2025-04-18T19:27:55-07:00,0,71
global.js,84,js,b79e27e0,Christine Law,2025-04-18,19:27:55,-07:00,2025-04-18T19:27:55-07:00,0,37
global.js,85,js,b79e27e0,Christine Law,2025-04-18,19:27:55,-07:00,2025-04-18T19:27:55-07:00,0,29
global.js,86,js,b79e27e0,Christine Law,2025-04-18,19:27:55,-07:00,2025-04-18T19:27:55-07:00,0,0
global.js,87,js,b79e27e0,Christine Law,2025-04-18,19:27:55,-07:00,2025-04-18T19:27:55-07:00,0,20
global.js,88,js,b79e27e0,Christine Law,2025-04-18,19:27:55,-07:00,2025-04-18T19:27:55-07:00,0,56
global.js,89,js,b79e27e0,Christine Law,2025-04-18,19:27:55,-07:00,2025-04-18T19:27:55-07:00,0,35
global.js,90,js,b79e27e0,Christine Law,2025-04-18,19:27:55,-07:00,2025-04-18T19:27:55-07:00,0,46
global.js,91,js,b79e27e0,Christine Law,2025-04-18,19:27:55,-07:00,2025-04-18T19:27:55-07:00,0,26
global.js,92,js,b79e27e0,Christine Law,2025-04-18,19:27:55,-07:00,2025-04-18T19:27:55-07:00,0,2
global.js,93,js,b79e27e0,Christine Law,2025-04-18,19:27:55,-07:00,2025-04-18T19:27:55-07:00,0,0
global.js,94,js,b79e27e0,Christine Law,2025-04-18,19:27:55,-07:00,2025-04-18T19:27:55-07:00,0,32
global.js,95,js,b79e27e0,Christine Law,2025-04-18,19:27:55,-07:00,2025-04-18T19:27:55-07:00,0,77
global.js,96,js,b79e27e0,Christine Law,2025-04-18,19:27:55,-07:00,2025-04-18T19:27:55-07:00,0,0
global.js,97,js,b79e27e0,Christine Law,2025-04-18,19:27:55,-07:00,2025-04-18T19:27:55-07:00,0,80
global.js,98,js,b79e27e0,Christine Law,2025-04-18,19:27:55,-07:00,2025-04-18T19:27:55-07:00,0,96
global.js,99,js,b79e27e0,Christine Law,2025-04-18,19:27:55,-07:00,2025-04-18T19:27:55-07:00,0,21
global.js,100,js,b79e27e0,Christine Law,2025-04-18,19:27:55,-07:00,2025-04-18T19:27:55-07:00,0,77
global.js,101,js,b79e27e0,Christine Law,2025-04-18,19:27:55,-07:00,2025-04-18T19:27:55-07:00,0,0
global.js,102,js,b79e27e0,Christine Law,2025-04-18,19:27:55,-07:00,2025-04-18T19:27:55-07:00,0,0
global.js,103,js,f914a518,Christine Law,2025-04-18,23:10:34,-07:00,2025-04-18T23:10:34-07:00,0,52
global.js,104,js,f914a518,Christine Law,2025-04-18,23:10:34,-07:00,2025-04-18T23:10:34-07:00,0,0
global.js,105,js,f914a518,Christine Law,2025-04-18,23:10:34,-07:00,2025-04-18T23:10:34-07:00,0,49
global.js,106,js,f914a518,Christine Law,2025-04-18,23:10:34,-07:00,2025-04-18T23:10:34-07:00,0,59
global.js,107,js,f914a518,Christine Law,2025-04-18,23:10:34,-07:00,2025-04-18T23:10:34-07:00,0,0
global.js,108,js,f914a518,Christine Law,2025-04-18,23:10:34,-07:00,2025-04-18T23:10:34-07:00,0,31
global.js,109,js,f914a518,Christine Law,2025-04-18,23:10:34,-07:00,2025-04-18T23:10:34-07:00,0,17
global.js,110,js,f914a518,Christine Law,2025-04-18,23:10:34,-07:00,2025-04-18T23:10:34-07:00,0,0
global.js,111,js,f914a518,Christine Law,2025-04-18,23:10:34,-07:00,2025-04-18T23:10:34-07:00,0,32
global.js,112,js,f914a518,Christine Law,2025-04-18,23:10:34,-07:00,2025-04-18T23:10:34-07:00,0,27
global.js,113,js,f914a518,Christine Law,2025-04-18,23:10:34,-07:00,2025-04-18T23:10:34-07:00,0,74
global.js,114,js,f914a518,Christine Law,2025-04-18,23:10:34,-07:00,2025-04-18T23:10:34-07:00,0,20
global.js,115,js,f914a518,Christine Law,2025-04-18,23:10:34,-07:00,2025-04-18T23:10:34-07:00,0,0
global.js,116,js,f914a518,Christine Law,2025-04-18,23:10:34,-07:00,2025-04-18T23:10:34-07:00,0,0
global.js,117,js,f914a518,Christine Law,2025-04-18,23:10:34,-07:00,2025-04-18T23:10:34-07:00,0,22
global.js,118,js,f914a518,Christine Law,2025-04-18,23:10:34,-07:00,2025-04-18T23:10:34-07:00,0,36
global.js,119,js,f914a518,Christine Law,2025-04-18,23:10:34,-07:00,2025-04-18T23:10:34-07:00,0,43
global.js,120,js,f914a518,Christine Law,2025-04-18,23:10:34,-07:00,2025-04-18T23:10:34-07:00,0,0
global.js,121,js,f914a518,Christine Law,2025-04-18,23:10:34,-07:00,2025-04-18T23:10:34-07:00,0,29
global.js,122,js,f914a518,Christine Law,2025-04-18,23:10:34,-07:00,2025-04-18T23:10:34-07:00,0,19
global.js,123,js,f914a518,Christine Law,2025-04-18,23:10:34,-07:00,2025-04-18T23:10:34-07:00,0,2
global.js,124,js,f914a518,Christine Law,2025-04-18,23:10:34,-07:00,2025-04-18T23:10:34-07:00,0,0
global.js,125,js,92a3a88f,Christine Law,2025-04-25,22:15:47,-07:00,2025-04-25T22:15:47-07:00,0,37
global.js,126,js,6a07ca4e,Christine Law,2025-04-25,18:59:33,-07:00,2025-04-25T18:59:33-07:00,0,4
global.js,127,js,6a07ca4e,Christine Law,2025-04-25,18:59:33,-07:00,2025-04-25T18:59:33-07:00,0,33
global.js,128,js,92796092,Christine Law,2025-04-25,19:03:54,-07:00,2025-04-25T19:03:54-07:00,0,21
global.js,129,js,d6b519b3,Christine Law,2025-04-25,21:55:36,-07:00,2025-04-25T21:55:36-07:00,0,0
global.js,130,js,6a07ca4e,Christine Law,2025-04-25,18:59:33,-07:00,2025-04-25T18:59:33-07:00,0,18
global.js,131,js,6a07ca4e,Christine Law,2025-04-25,18:59:33,-07:00,2025-04-25T18:59:33-07:00,0,67
global.js,132,js,6a07ca4e,Christine Law,2025-04-25,18:59:33,-07:00,2025-04-25T18:59:33-07:00,0,0
global.js,133,js,d6b519b3,Christine Law,2025-04-25,21:55:36,-07:00,2025-04-25T21:55:36-07:00,0,0
global.js,134,js,440d75f1,Christine Law,2025-04-25,19:56:43,-07:00,2025-04-25T19:56:43-07:00,0,34
global.js,135,js,440d75f1,Christine Law,2025-04-25,19:56:43,-07:00,2025-04-25T19:56:43-07:00,0,11
global.js,136,js,6a07ca4e,Christine Law,2025-04-25,18:59:33,-07:00,2025-04-25T18:59:33-07:00,0,16
global.js,137,js,6a07ca4e,Christine Law,2025-04-25,18:59:33,-07:00,2025-04-25T18:59:33-07:00,0,60
global.js,138,js,d35b2bc2,Christine Law,2025-04-25,20:04:16,-07:00,2025-04-25T20:04:16-07:00,0,11
global.js,139,js,6a07ca4e,Christine Law,2025-04-25,18:59:33,-07:00,2025-04-25T18:59:33-07:00,0,0
global.js,140,js,b65035dc,Christine Law,2025-04-25,22:00:41,-07:00,2025-04-25T22:00:41-07:00,0,0
global.js,141,js,b65035dc,Christine Law,2025-04-25,22:00:41,-07:00,2025-04-25T22:00:41-07:00,0,0
global.js,142,js,ee845c70,Christine Law,2025-04-25,22:44:09,-07:00,2025-04-25T22:44:09-07:00,0,28
global.js,143,js,ee845c70,Christine Law,2025-04-25,22:44:09,-07:00,2025-04-25T22:44:09-07:00,0,0
global.js,144,js,ee845c70,Christine Law,2025-04-25,22:44:09,-07:00,2025-04-25T22:44:09-07:00,0,80
global.js,145,js,ee845c70,Christine Law,2025-04-25,22:44:09,-07:00,2025-04-25T22:44:09-07:00,0,41
global.js,146,js,ee845c70,Christine Law,2025-04-25,22:44:09,-07:00,2025-04-25T22:44:09-07:00,0,69
global.js,147,js,ee845c70,Christine Law,2025-04-25,22:44:09,-07:00,2025-04-25T22:44:09-07:00,0,52
global.js,148,js,ee845c70,Christine Law,2025-04-25,22:44:09,-07:00,2025-04-25T22:44:09-07:00,0,6
global.js,149,js,ee845c70,Christine Law,2025-04-25,22:44:09,-07:00,2025-04-25T22:44:09-07:00,0,0
global.js,150,js,ee845c70,Christine Law,2025-04-25,22:44:09,-07:00,2025-04-25T22:44:09-07:00,0,0
global.js,151,js,ee845c70,Christine Law,2025-04-25,22:44:09,-07:00,2025-04-25T22:44:09-07:00,0,50
global.js,152,js,ee845c70,Christine Law,2025-04-25,22:44:09,-07:00,2025-04-25T22:44:09-07:00,0,31
global.js,153,js,ee845c70,Christine Law,2025-04-25,22:44:09,-07:00,2025-04-25T22:44:09-07:00,0,0
global.js,154,js,ee845c70,Christine Law,2025-04-25,22:44:09,-07:00,2025-04-25T22:44:09-07:00,0,64
global.js,155,js,ee845c70,Christine Law,2025-04-25,22:44:09,-07:00,2025-04-25T22:44:09-07:00,0,63
global.js,156,js,ee845c70,Christine Law,2025-04-25,22:44:09,-07:00,2025-04-25T22:44:09-07:00,0,48
global.js,157,js,ee845c70,Christine Law,2025-04-25,22:44:09,-07:00,2025-04-25T22:44:09-07:00,0,75
global.js,158,js,ee845c70,Christine Law,2025-04-25,22:44:09,-07:00,2025-04-25T22:44:09-07:00,0,50
global.js,159,js,ee845c70,Christine Law,2025-04-25,22:44:09,-07:00,2025-04-25T22:44:09-07:00,0,0
global.js,160,js,ee845c70,Christine Law,2025-04-25,22:44:09,-07:00,2025-04-25T22:44:09-07:00,0,0
global.js,161,js,ee845c70,Christine Law,2025-04-25,22:44:09,-07:00,2025-04-25T22:44:09-07:00,0,47
global.js,162,js,ee845c70,Christine Law,2025-04-25,22:44:09,-07:00,2025-04-25T22:44:09-07:00,0,28
global.js,163,js,ee845c70,Christine Law,2025-04-25,22:44:09,-07:00,2025-04-25T22:44:09-07:00,0,32
global.js,164,js,ee845c70,Christine Law,2025-04-25,22:44:09,-07:00,2025-04-25T22:44:09-07:00,0,49
global.js,165,js,ee845c70,Christine Law,2025-04-25,22:44:09,-07:00,2025-04-25T22:44:09-07:00,0,0
global.js,166,js,ee845c70,Christine Law,2025-04-25,22:44:09,-07:00,2025-04-25T22:44:09-07:00,0,32
global.js,167,js,ee845c70,Christine Law,2025-04-25,22:44:09,-07:00,2025-04-25T22:44:09-07:00,0,20
global.js,168,js,ee845c70,Christine Law,2025-04-25,22:44:09,-07:00,2025-04-25T22:44:09-07:00,0,50
global.js,169,js,1aeaeafd,Christine Law,2025-04-26,00:03:16,-07:00,2025-04-26T00:03:16-07:00,0,100
global.js,170,js,0fdff5ed,Christine Law,2025-04-30,15:40:51,-07:00,2025-04-30T15:40:51-07:00,0,4
global.js,171,js,ee845c70,Christine Law,2025-04-25,22:44:09,-07:00,2025-04-25T22:44:09-07:00,0,28
global.js,172,js,0fdff5ed,Christine Law,2025-04-30,15:40:51,-07:00,2025-04-30T15:40:51-07:00,0,113
global.js,173,js,0fdff5ed,Christine Law,2025-04-30,15:40:51,-07:00,2025-04-30T15:40:51-07:00,0,14
global.js,174,js,0fdff5ed,Christine Law,2025-04-30,15:40:51,-07:00,2025-04-30T15:40:51-07:00,0,3
global.js,175,js,0fdff5ed,Christine Law,2025-04-30,15:40:51,-07:00,2025-04-30T15:40:51-07:00,0,4
global.js,176,js,ee845c70,Christine Law,2025-04-25,22:44:09,-07:00,2025-04-25T22:44:09-07:00,0,1
global.js,177,js,ee845c70,Christine Law,2025-04-25,22:44:09,-07:00,2025-04-25T22:44:09-07:00,0,0
global.js,178,js,ee845c70,Christine Law,2025-04-25,22:44:09,-07:00,2025-04-25T22:44:09-07:00,0,37
global.js,179,js,ee845c70,Christine Law,2025-04-25,22:44:09,-07:00,2025-04-25T22:44:09-07:00,0,37
global.js,180,js,ee845c70,Christine Law,2025-04-25,22:44:09,-07:00,2025-04-25T22:44:09-07:00,0,2
global.js,181,js,ee845c70,Christine Law,2025-04-25,22:44:09,-07:00,2025-04-25T22:44:09-07:00,0,0
global.js,182,js,1aeaeafd,Christine Law,2025-04-26,00:03:16,-07:00,2025-04-26T00:03:16-07:00,0,0
global.js,183,js,1aeaeafd,Christine Law,2025-04-26,00:03:16,-07:00,2025-04-26T00:03:16-07:00,0,48
global.js,184,js,1aeaeafd,Christine Law,2025-04-26,00:03:16,-07:00,2025-04-26T00:03:16-07:00,0,67
global.js,185,js,1aeaeafd,Christine Law,2025-04-26,00:03:16,-07:00,2025-04-26T00:03:16-07:00,0,59
global.js,186,js,1aeaeafd,Christine Law,2025-04-26,00:03:16,-07:00,2025-04-26T00:03:16-07:00,0,17
global.js,187,js,1aeaeafd,Christine Law,2025-04-26,00:03:16,-07:00,2025-04-26T00:03:16-07:00,0,0
global.js,188,js,1aeaeafd,Christine Law,2025-04-26,00:03:16,-07:00,2025-04-26T00:03:16-07:00,0,0
resume/index.html,1,html,3f872769,Christine Law,2025-04-04,16:38:48,-07:00,2025-04-04T16:38:48-07:00,0,14
resume/index.html,2,html,3f872769,Christine Law,2025-04-04,16:38:48,-07:00,2025-04-04T16:38:48-07:00,0,15
resume/index.html,3,html,3f872769,Christine Law,2025-04-04,16:38:48,-07:00,2025-04-04T16:38:48-07:00,0,5
resume/index.html,4,html,3f872769,Christine Law,2025-04-04,16:38:48,-07:00,2025-04-04T16:38:48-07:00,0,21
resume/index.html,5,html,3f872769,Christine Law,2025-04-04,16:38:48,-07:00,2025-04-04T16:38:48-07:00,0,69
resume/index.html,6,html,e032d2a8,Christine Law,2025-04-04,16:55:32,-07:00,2025-04-04T16:55:32-07:00,0,36
resume/index.html,7,html,88b28e0f,Christine Law,2025-04-09,23:15:41,-07:00,2025-04-09T23:15:41-07:00,0,42
resume/index.html,8,html,a68104ee,Christine Law,2025-04-16,11:59:50,-07:00,2025-04-16T11:59:50-07:00,0,49
resume/index.html,9,html,3f872769,Christine Law,2025-04-04,16:38:48,-07:00,2025-04-04T16:38:48-07:00,0,6
resume/index.html,10,html,3f872769,Christine Law,2025-04-04,16:38:48,-07:00,2025-04-04T16:38:48-07:00,0,5
resume/index.html,11,html,9c40219c,Christine Law,2025-04-11,13:22:31,-07:00,2025-04-11T13:22:31-07:00,0,21
resume/index.html,12,html,a8a508bd,Christine Law,2025-04-11,13:25:42,-07:00,2025-04-11T13:25:42-07:00,0,17
resume/index.html,13,html,9c40219c,Christine Law,2025-04-11,13:22:31,-07:00,2025-04-11T13:22:31-07:00,0,71
resume/index.html,14,html,9c40219c,Christine Law,2025-04-11,13:22:31,-07:00,2025-04-11T13:22:31-07:00,0,85
resume/index.html,15,html,3230b993,Christine Law,2025-04-23,23:50:02,-07:00,2025-04-23T23:50:02-07:00,0,178
resume/index.html,16,html,9c40219c,Christine Law,2025-04-11,13:22:31,-07:00,2025-04-11T13:22:31-07:00,0,0
resume/index.html,17,html,9c40219c,Christine Law,2025-04-11,13:22:31,-07:00,2025-04-11T13:22:31-07:00,0,20
resume/index.html,18,html,9c40219c,Christine Law,2025-04-11,13:22:31,-07:00,2025-04-11T13:22:31-07:00,0,45
resume/index.html,19,html,5d70bf2c,Christine Law,2025-04-12,17:35:12,-07:00,2025-04-12T17:35:12-07:00,0,176
resume/index.html,20,html,9c40219c,Christine Law,2025-04-11,13:22:31,-07:00,2025-04-11T13:22:31-07:00,0,3
resume/index.html,21,html,3230b993,Christine Law,2025-04-23,23:50:02,-07:00,2025-04-23T23:50:02-07:00,0,224
resume/index.html,22,html,3230b993,Christine Law,2025-04-23,23:50:02,-07:00,2025-04-23T23:50:02-07:00,0,131
resume/index.html,23,html,3230b993,Christine Law,2025-04-23,23:50:02,-07:00,2025-04-23T23:50:02-07:00,0,156
resume/index.html,24,html,9c40219c,Christine Law,2025-04-11,13:22:31,-07:00,2025-04-11T13:22:31-07:00,0,4
resume/index.html,25,html,9c40219c,Christine Law,2025-04-11,13:22:31,-07:00,2025-04-11T13:22:31-07:00,0,0
resume/index.html,26,html,3e71c41a,Christine Law,2025-04-12,17:42:42,-07:00,2025-04-12T17:42:42-07:00,0,265
resume/index.html,27,html,9c40219c,Christine Law,2025-04-11,13:22:31,-07:00,2025-04-11T13:22:31-07:00,0,3
resume/index.html,28,html,3230b993,Christine Law,2025-04-23,23:50:02,-07:00,2025-04-23T23:50:02-07:00,0,120
resume/index.html,29,html,3230b993,Christine Law,2025-04-23,23:50:02,-07:00,2025-04-23T23:50:02-07:00,0,202
resume/index.html,30,html,9c40219c,Christine Law,2025-04-11,13:22:31,-07:00,2025-04-11T13:22:31-07:00,0,4
resume/index.html,31,html,9c40219c,Christine Law,2025-04-11,13:22:31,-07:00,2025-04-11T13:22:31-07:00,0,0
resume/index.html,32,html,3e71c41a,Christine Law,2025-04-12,17:42:42,-07:00,2025-04-12T17:42:42-07:00,0,160
resume/index.html,33,html,9c40219c,Christine Law,2025-04-11,13:22:31,-07:00,2025-04-11T13:22:31-07:00,0,3
resume/index.html,34,html,3230b993,Christine Law,2025-04-23,23:50:02,-07:00,2025-04-23T23:50:02-07:00,0,116
resume/index.html,35,html,3230b993,Christine Law,2025-04-23,23:50:02,-07:00,2025-04-23T23:50:02-07:00,0,126
resume/index.html,36,html,3230b993,Christine Law,2025-04-23,23:50:02,-07:00,2025-04-23T23:50:02-07:00,0,129
resume/index.html,37,html,3230b993,Christine Law,2025-04-23,23:50:02,-07:00,2025-04-23T23:50:02-07:00,0,4
resume/index.html,38,html,3230b993,Christine Law,2025-04-23,23:50:02,-07:00,2025-04-23T23:50:02-07:00,0,0
resume/index.html,39,html,3230b993,Christine Law,2025-04-23,23:50:02,-07:00,2025-04-23T23:50:02-07:00,0,98
resume/index.html,40,html,3230b993,Christine Law,2025-04-23,23:50:02,-07:00,2025-04-23T23:50:02-07:00,0,3
resume/index.html,41,html,3230b993,Christine Law,2025-04-23,23:50:02,-07:00,2025-04-23T23:50:02-07:00,0,116
resume/index.html,42,html,3230b993,Christine Law,2025-04-23,23:50:02,-07:00,2025-04-23T23:50:02-07:00,0,126
resume/index.html,43,html,3230b993,Christine Law,2025-04-23,23:50:02,-07:00,2025-04-23T23:50:02-07:00,0,129
resume/index.html,44,html,9c40219c,Christine Law,2025-04-11,13:22:31,-07:00,2025-04-11T13:22:31-07:00,0,4
resume/index.html,45,html,9c40219c,Christine Law,2025-04-11,13:22:31,-07:00,2025-04-11T13:22:31-07:00,0,5
resume/index.html,46,html,9c40219c,Christine Law,2025-04-11,13:22:31,-07:00,2025-04-11T13:22:31-07:00,0,0
resume/index.html,47,html,9c40219c,Christine Law,2025-04-11,13:22:31,-07:00,2025-04-11T13:22:31-07:00,0,20
resume/index.html,48,html,9c40219c,Christine Law,2025-04-11,13:22:31,-07:00,2025-04-11T13:22:31-07:00,0,16
resume/index.html,49,html,9c40219c,Christine Law,2025-04-11,13:22:31,-07:00,2025-04-11T13:22:31-07:00,0,92
resume/index.html,50,html,9c40219c,Christine Law,2025-04-11,13:22:31,-07:00,2025-04-11T13:22:31-07:00,0,3
resume/index.html,51,html,3230b993,Christine Law,2025-04-23,23:50:02,-07:00,2025-04-23T23:50:02-07:00,0,148
resume/index.html,52,html,3230b993,Christine Law,2025-04-23,23:50:02,-07:00,2025-04-23T23:50:02-07:00,0,117
resume/index.html,53,html,3230b993,Christine Law,2025-04-23,23:50:02,-07:00,2025-04-23T23:50:02-07:00,0,108
resume/index.html,54,html,9c40219c,Christine Law,2025-04-11,13:22:31,-07:00,2025-04-11T13:22:31-07:00,0,4
resume/index.html,55,html,9c40219c,Christine Law,2025-04-11,13:22:31,-07:00,2025-04-11T13:22:31-07:00,0,5
resume/index.html,56,html,9c40219c,Christine Law,2025-04-11,13:22:31,-07:00,2025-04-11T13:22:31-07:00,0,0
resume/index.html,57,html,9c40219c,Christine Law,2025-04-11,13:22:31,-07:00,2025-04-11T13:22:31-07:00,0,20
resume/index.html,58,html,9c40219c,Christine Law,2025-04-11,13:22:31,-07:00,2025-04-11T13:22:31-07:00,0,23
resume/index.html,59,html,3e71c41a,Christine Law,2025-04-12,17:42:42,-07:00,2025-04-12T17:42:42-07:00,0,161
resume/index.html,60,html,9c40219c,Christine Law,2025-04-11,13:22:31,-07:00,2025-04-11T13:22:31-07:00,0,3
resume/index.html,61,html,3230b993,Christine Law,2025-04-23,23:50:02,-07:00,2025-04-23T23:50:02-07:00,0,123
resume/index.html,62,html,3230b993,Christine Law,2025-04-23,23:50:02,-07:00,2025-04-23T23:50:02-07:00,0,144
resume/index.html,63,html,9c40219c,Christine Law,2025-04-11,13:22:31,-07:00,2025-04-11T13:22:31-07:00,0,4
resume/index.html,64,html,9c40219c,Christine Law,2025-04-11,13:22:31,-07:00,2025-04-11T13:22:31-07:00,0,0
resume/index.html,65,html,9c40219c,Christine Law,2025-04-11,13:22:31,-07:00,2025-04-11T13:22:31-07:00,0,115
resume/index.html,66,html,9c40219c,Christine Law,2025-04-11,13:22:31,-07:00,2025-04-11T13:22:31-07:00,0,3
resume/index.html,67,html,3230b993,Christine Law,2025-04-23,23:50:02,-07:00,2025-04-23T23:50:02-07:00,0,110
resume/index.html,68,html,3230b993,Christine Law,2025-04-23,23:50:02,-07:00,2025-04-23T23:50:02-07:00,0,154
resume/index.html,69,html,9c40219c,Christine Law,2025-04-11,13:22:31,-07:00,2025-04-11T13:22:31-07:00,0,4
resume/index.html,70,html,9c40219c,Christine Law,2025-04-11,13:22:31,-07:00,2025-04-11T13:22:31-07:00,0,5
resume/index.html,71,html,9c40219c,Christine Law,2025-04-11,13:22:31,-07:00,2025-04-11T13:22:31-07:00,0,6
resume/index.html,72,html,9c40219c,Christine Law,2025-04-11,13:22:31,-07:00,2025-04-11T13:22:31-07:00,0,6
resume/index.html,73,html,e032d2a8,Christine Law,2025-04-04,16:55:32,-07:00,2025-04-04T16:55:32-07:00,0,6
projects/projects.js,1,js,082d778d,Christine Law,2025-04-25,23:48:54,-07:00,2025-04-25T23:48:54-07:00,0,56
projects/projects.js,2,js,06ca8216,Christine Law,2025-05-01,23:14:21,-07:00,2025-05-01T23:14:21-07:00,0,64
projects/projects.js,3,js,9ce6773d,Christine Law,2025-04-25,23:38:34,-07:00,2025-04-25T23:38:34-07:00,0,0
projects/projects.js,4,js,06ca8216,Christine Law,2025-05-01,23:14:21,-07:00,2025-05-01T23:14:21-07:00,0,74
projects/projects.js,5,js,082d778d,Christine Law,2025-04-25,23:48:54,-07:00,2025-04-25T23:48:54-07:00,0,61
projects/projects.js,6,js,9ce6773d,Christine Law,2025-04-25,23:38:34,-07:00,2025-04-25T23:38:34-07:00,0,0
projects/projects.js,7,js,082d778d,Christine Law,2025-04-25,23:48:54,-07:00,2025-04-25T23:48:54-07:00,0,62
projects/projects.js,8,js,082d778d,Christine Law,2025-04-25,23:48:54,-07:00,2025-04-25T23:48:54-07:00,0,18
projects/projects.js,9,js,06ca8216,Christine Law,2025-05-01,23:14:21,-07:00,2025-05-01T23:14:21-07:00,0,56
projects/projects.js,10,js,082d778d,Christine Law,2025-04-25,23:48:54,-07:00,2025-04-25T23:48:54-07:00,0,0
projects/projects.js,11,js,9ce6773d,Christine Law,2025-04-25,23:38:34,-07:00,2025-04-25T23:38:34-07:00,0,0
projects/projects.js,12,js,599581b8,Christine Law,2025-05-02,09:26:17,-07:00,2025-05-02T09:26:17-07:00,0,22
projects/projects.js,13,js,599581b8,Christine Law,2025-05-02,09:26:17,-07:00,2025-05-02T09:26:17-07:00,0,14
projects/projects.js,14,js,599581b8,Christine Law,2025-05-02,09:26:17,-07:00,2025-05-02T09:26:17-07:00,0,0
projects/projects.js,15,js,082d778d,Christine Law,2025-04-25,23:48:54,-07:00,2025-04-25T23:48:54-07:00,0,49
projects/projects.js,16,js,06ca8216,Christine Law,2025-05-01,23:14:21,-07:00,2025-05-01T23:14:21-07:00,0,62
projects/projects.js,17,js,9ce6773d,Christine Law,2025-04-25,23:38:34,-07:00,2025-04-25T23:38:34-07:00,0,0
projects/projects.js,18,js,06ca8216,Christine Law,2025-05-01,23:14:21,-07:00,2025-05-01T23:14:21-07:00,0,26
projects/projects.js,19,js,06ca8216,Christine Law,2025-05-01,23:14:21,-07:00,2025-05-01T23:14:21-07:00,0,30
projects/projects.js,20,js,06ca8216,Christine Law,2025-05-01,23:14:21,-07:00,2025-05-01T23:14:21-07:00,0,41
projects/projects.js,21,js,06ca8216,Christine Law,2025-05-01,23:14:21,-07:00,2025-05-01T23:14:21-07:00,0,33
projects/projects.js,22,js,06ca8216,Christine Law,2025-05-01,23:14:21,-07:00,2025-05-01T23:14:21-07:00,0,0
projects/projects.js,23,js,06ca8216,Christine Law,2025-05-01,23:14:21,-07:00,2025-05-01T23:14:21-07:00,0,27
projects/projects.js,24,js,06ca8216,Christine Law,2025-05-01,23:14:21,-07:00,2025-05-01T23:14:21-07:00,0,30
projects/projects.js,25,js,06ca8216,Christine Law,2025-05-01,23:14:21,-07:00,2025-05-01T23:14:21-07:00,0,0
projects/projects.js,26,js,7aa4b2ce,Christine Law,2025-05-02,09:50:15,-07:00,2025-05-02T09:50:15-07:00,0,74
projects/projects.js,27,js,599581b8,Christine Law,2025-05-02,09:26:17,-07:00,2025-05-02T09:26:17-07:00,0,101
projects/projects.js,28,js,06ca8216,Christine Law,2025-05-01,23:14:21,-07:00,2025-05-01T23:14:21-07:00,0,49
projects/projects.js,29,js,06ca8216,Christine Law,2025-05-01,23:14:21,-07:00,2025-05-01T23:14:21-07:00,0,12
projects/projects.js,30,js,06ca8216,Christine Law,2025-05-01,23:14:21,-07:00,2025-05-01T23:14:21-07:00,0,10
projects/projects.js,31,js,06ca8216,Christine Law,2025-05-01,23:14:21,-07:00,2025-05-01T23:14:21-07:00,0,3
projects/projects.js,32,js,c7468a8d,Christine Law,2025-04-30,19:52:35,-07:00,2025-04-30T19:52:35-07:00,0,0
projects/projects.js,33,js,06ca8216,Christine Law,2025-05-01,23:14:21,-07:00,2025-05-01T23:14:21-07:00,0,48
projects/projects.js,34,js,06ca8216,Christine Law,2025-05-01,23:14:21,-07:00,2025-05-01T23:14:21-07:00,0,49
projects/projects.js,35,js,06ca8216,Christine Law,2025-05-01,23:14:21,-07:00,2025-05-01T23:14:21-07:00,0,37
projects/projects.js,36,js,a9bcee12,Christine Law,2025-05-01,22:57:16,-07:00,2025-05-01T22:57:16-07:00,0,0
projects/projects.js,37,js,06ca8216,Christine Law,2025-05-01,23:14:21,-07:00,2025-05-01T23:14:21-07:00,0,25
projects/projects.js,38,js,06ca8216,Christine Law,2025-05-01,23:14:21,-07:00,2025-05-01T23:14:21-07:00,0,10
projects/projects.js,39,js,06ca8216,Christine Law,2025-05-01,23:14:21,-07:00,2025-05-01T23:14:21-07:00,0,35
projects/projects.js,40,js,06ca8216,Christine Law,2025-05-01,23:14:21,-07:00,2025-05-01T23:14:21-07:00,0,35
projects/projects.js,41,js,06ca8216,Christine Law,2025-05-01,23:14:21,-07:00,2025-05-01T23:14:21-07:00,0,33
projects/projects.js,42,js,06ca8216,Christine Law,2025-05-01,23:14:21,-07:00,2025-05-01T23:14:21-07:00,0,33
projects/projects.js,43,js,06ca8216,Christine Law,2025-05-01,23:14:21,-07:00,2025-05-01T23:14:21-07:00,0,58
projects/projects.js,44,js,06ca8216,Christine Law,2025-05-01,23:14:21,-07:00,2025-05-01T23:14:21-07:00,0,0
projects/projects.js,45,js,06ca8216,Christine Law,2025-05-01,23:14:21,-07:00,2025-05-01T23:14:21-07:00,0,7
projects/projects.js,46,js,06ca8216,Christine Law,2025-05-01,23:14:21,-07:00,2025-05-01T23:14:21-07:00,0,4
projects/projects.js,47,js,06ca8216,Christine Law,2025-05-01,23:14:21,-07:00,2025-05-01T23:14:21-07:00,0,12
projects/projects.js,48,js,06ca8216,Christine Law,2025-05-01,23:14:21,-07:00,2025-05-01T23:14:21-07:00,0,38
projects/projects.js,49,js,06ca8216,Christine Law,2025-05-01,23:14:21,-07:00,2025-05-01T23:14:21-07:00,0,0
projects/projects.js,50,js,06ca8216,Christine Law,2025-05-01,23:14:21,-07:00,2025-05-01T23:14:21-07:00,0,1
projects/projects.js,51,js,06ca8216,Christine Law,2025-05-01,23:14:21,-07:00,2025-05-01T23:14:21-07:00,0,0
projects/projects.js,52,js,06ca8216,Christine Law,2025-05-01,23:14:21,-07:00,2025-05-01T23:14:21-07:00,0,0
projects/projects.js,53,js,06ca8216,Christine Law,2025-05-01,23:14:21,-07:00,2025-05-01T23:14:21-07:00,0,26
projects/projects.js,54,js,06ca8216,Christine Law,2025-05-01,23:14:21,-07:00,2025-05-01T23:14:21-07:00,0,17
projects/projects.js,55,js,06ca8216,Christine Law,2025-05-01,23:14:21,-07:00,2025-05-01T23:14:21-07:00,0,26
projects/projects.js,56,js,5e1a5137,Christine Law,2025-05-02,00:31:12,-07:00,2025-05-02T00:31:12-07:00,0,23
projects/projects.js,57,js,5e1a5137,Christine Law,2025-05-02,00:31:12,-07:00,2025-05-02T00:31:12-07:00,0,22
projects/projects.js,58,js,5e1a5137,Christine Law,2025-05-02,00:31:12,-07:00,2025-05-02T00:31:12-07:00,0,19
projects/projects.js,59,js,599581b8,Christine Law,2025-05-02,09:26:17,-07:00,2025-05-02T09:26:17-07:00,0,60
projects/projects.js,60,js,599581b8,Christine Law,2025-05-02,09:26:17,-07:00,2025-05-02T09:26:17-07:00,0,0
projects/projects.js,61,js,5e1a5137,Christine Law,2025-05-02,00:31:12,-07:00,2025-05-02T00:31:12-07:00,0,20
projects/projects.js,62,js,5e1a5137,Christine Law,2025-05-02,00:31:12,-07:00,2025-05-02T00:31:12-07:00,0,78
projects/projects.js,63,js,599581b8,Christine Law,2025-05-02,09:26:17,-07:00,2025-05-02T09:26:17-07:00,0,0
projects/projects.js,64,js,599581b8,Christine Law,2025-05-02,09:26:17,-07:00,2025-05-02T09:26:17-07:00,0,21
projects/projects.js,65,js,d913e566,Christine Law,2025-05-02,09:16:38,-07:00,2025-05-02T09:16:38-07:00,0,89
projects/projects.js,66,js,d913e566,Christine Law,2025-05-02,09:16:38,-07:00,2025-05-02T09:16:38-07:00,0,28
projects/projects.js,67,js,d913e566,Christine Law,2025-05-02,09:16:38,-07:00,2025-05-02T09:16:38-07:00,0,55
projects/projects.js,68,js,d913e566,Christine Law,2025-05-02,09:16:38,-07:00,2025-05-02T09:16:38-07:00,0,1
projects/projects.js,69,js,599581b8,Christine Law,2025-05-02,09:26:17,-07:00,2025-05-02T09:26:17-07:00,0,0
projects/projects.js,70,js,7aa4b2ce,Christine Law,2025-05-02,09:50:15,-07:00,2025-05-02T09:50:15-07:00,0,55
projects/projects.js,71,js,5e1a5137,Christine Law,2025-05-02,00:31:12,-07:00,2025-05-02T00:31:12-07:00,0,2
projects/projects.js,72,js,599581b8,Christine Law,2025-05-02,09:26:17,-07:00,2025-05-02T09:26:17-07:00,0,2
projects/projects.js,73,js,242429d2,Christine Law,2025-05-01,23:00:25,-07:00,2025-05-01T23:00:25-07:00,0,0
projects/projects.js,74,js,06ca8216,Christine Law,2025-05-01,23:14:21,-07:00,2025-05-01T23:14:21-07:00,0,26
projects/projects.js,75,js,06ca8216,Christine Law,2025-05-01,23:14:21,-07:00,2025-05-01T23:14:21-07:00,0,18
projects/projects.js,76,js,06ca8216,Christine Law,2025-05-01,23:14:21,-07:00,2025-05-01T23:14:21-07:00,0,37
projects/projects.js,77,js,06ca8216,Christine Law,2025-05-01,23:14:21,-07:00,2025-05-01T23:14:21-07:00,0,28
projects/projects.js,78,js,06ca8216,Christine Law,2025-05-01,23:14:21,-07:00,2025-05-01T23:14:21-07:00,0,70
projects/projects.js,79,js,06ca8216,Christine Law,2025-05-01,23:14:21,-07:00,2025-05-01T23:14:21-07:00,0,2
projects/projects.js,80,js,06ca8216,Christine Law,2025-05-01,23:14:21,-07:00,2025-05-01T23:14:21-07:00,0,0
projects/projects.js,81,js,06ca8216,Christine Law,2025-05-01,23:14:21,-07:00,2025-05-01T23:14:21-07:00,0,0
projects/projects.js,82,js,7aa4b2ce,Christine Law,2025-05-02,09:50:15,-07:00,2025-05-02T09:50:15-07:00,0,24
projects/projects.js,83,js,599581b8,Christine Law,2025-05-02,09:26:17,-07:00,2025-05-02T09:26:17-07:00,0,32
projects/projects.js,84,js,599581b8,Christine Law,2025-05-02,09:26:17,-07:00,2025-05-02T09:26:17-07:00,0,23
projects/projects.js,85,js,599581b8,Christine Law,2025-05-02,09:26:17,-07:00,2025-05-02T09:26:17-07:00,0,0
projects/projects.js,86,js,599581b8,Christine Law,2025-05-02,09:26:17,-07:00,2025-05-02T09:26:17-07:00,0,21
projects/projects.js,87,js,599581b8,Christine Law,2025-05-02,09:26:17,-07:00,2025-05-02T09:26:17-07:00,0,26
projects/projects.js,88,js,599581b8,Christine Law,2025-05-02,09:26:17,-07:00,2025-05-02T09:26:17-07:00,0,68
projects/projects.js,89,js,599581b8,Christine Law,2025-05-02,09:26:17,-07:00,2025-05-02T09:26:17-07:00,0,57
projects/projects.js,90,js,599581b8,Christine Law,2025-05-02,09:26:17,-07:00,2025-05-02T09:26:17-07:00,0,56
projects/projects.js,91,js,599581b8,Christine Law,2025-05-02,09:26:17,-07:00,2025-05-02T09:26:17-07:00,0,0
projects/projects.js,92,js,599581b8,Christine Law,2025-05-02,09:26:17,-07:00,2025-05-02T09:26:17-07:00,0,0
projects/projects.js,93,js,599581b8,Christine Law,2025-05-02,09:26:17,-07:00,2025-05-02T09:26:17-07:00,0,18
projects/projects.js,94,js,599581b8,Christine Law,2025-05-02,09:26:17,-07:00,2025-05-02T09:26:17-07:00,0,11
projects/projects.js,95,js,599581b8,Christine Law,2025-05-02,09:26:17,-07:00,2025-05-02T09:26:17-07:00,0,38
projects/projects.js,96,js,599581b8,Christine Law,2025-05-02,09:26:17,-07:00,2025-05-02T09:26:17-07:00,0,60
projects/projects.js,97,js,599581b8,Christine Law,2025-05-02,09:26:17,-07:00,2025-05-02T09:26:17-07:00,0,43
projects/projects.js,98,js,599581b8,Christine Law,2025-05-02,09:26:17,-07:00,2025-05-02T09:26:17-07:00,0,2
projects/projects.js,99,js,599581b8,Christine Law,2025-05-02,09:26:17,-07:00,2025-05-02T09:26:17-07:00,0,0
projects/projects.js,100,js,599581b8,Christine Law,2025-05-02,09:26:17,-07:00,2025-05-02T09:26:17-07:00,0,0
projects/projects.js,101,js,599581b8,Christine Law,2025-05-02,09:26:17,-07:00,2025-05-02T09:26:17-07:00,0,49
projects/projects.js,102,js,599581b8,Christine Law,2025-05-02,09:26:17,-07:00,2025-05-02T09:26:17-07:00,0,0
projects/projects.js,103,js,599581b8,Christine Law,2025-05-02,09:26:17,-07:00,2025-05-02T09:26:17-07:00,0,0
projects/projects.js,104,js,06ca8216,Christine Law,2025-05-01,23:14:21,-07:00,2025-05-01T23:14:21-07:00,0,23
projects/projects.js,105,js,a9bcee12,Christine Law,2025-05-01,22:57:16,-07:00,2025-05-01T22:57:16-07:00,0,54
projects/projects.js,106,js,60a188b4,Christine Law,2025-05-01,23:15:48,-07:00,2025-05-01T23:15:48-07:00,0,49
projects/projects.js,107,js,7aa4b2ce,Christine Law,2025-05-02,09:50:15,-07:00,2025-05-02T09:50:15-07:00,0,54
projects/projects.js,108,js,7aa4b2ce,Christine Law,2025-05-02,09:50:15,-07:00,2025-05-02T09:50:15-07:00,0,53
projects/projects.js,109,js,2cdc5c6f,Christine Law,2025-05-01,23:30:34,-07:00,2025-05-01T23:30:34-07:00,0,2
projects/index.html,1,html,22fec5f2,Christine Law,2025-04-04,14:21:33,-07:00,2025-04-04T14:21:33-07:00,0,14
projects/index.html,2,html,22fec5f2,Christine Law,2025-04-04,14:21:33,-07:00,2025-04-04T14:21:33-07:00,0,15
projects/index.html,3,html,22fec5f2,Christine Law,2025-04-04,14:21:33,-07:00,2025-04-04T14:21:33-07:00,0,5
projects/index.html,4,html,22fec5f2,Christine Law,2025-04-04,14:21:33,-07:00,2025-04-04T14:21:33-07:00,0,21
projects/index.html,5,html,22fec5f2,Christine Law,2025-04-04,14:21:33,-07:00,2025-04-04T14:21:33-07:00,0,69
projects/index.html,6,html,22fec5f2,Christine Law,2025-04-04,14:21:33,-07:00,2025-04-04T14:21:33-07:00,0,22
projects/index.html,7,html,88b28e0f,Christine Law,2025-04-09,23:15:41,-07:00,2025-04-09T23:15:41-07:00,0,42
projects/index.html,8,html,a68104ee,Christine Law,2025-04-16,11:59:50,-07:00,2025-04-16T11:59:50-07:00,0,49
projects/index.html,9,html,22fec5f2,Christine Law,2025-04-04,14:21:33,-07:00,2025-04-04T14:21:33-07:00,0,6
projects/index.html,10,html,22fec5f2,Christine Law,2025-04-04,14:21:33,-07:00,2025-04-04T14:21:33-07:00,0,5
projects/index.html,11,html,c14bec2d,Christine Law,2025-04-25,23:29:28,-07:00,2025-04-25T23:29:28-07:00,0,64
projects/index.html,12,html,f66f1bce,Christine Law,2025-05-01,22:13:40,-07:00,2025-05-01T22:13:40-07:00,0,24
projects/index.html,13,html,f66f1bce,Christine Law,2025-05-01,22:13:40,-07:00,2025-05-01T22:13:40-07:00,0,59
projects/index.html,14,html,f66f1bce,Christine Law,2025-05-01,22:13:40,-07:00,2025-05-01T22:13:40-07:00,0,23
projects/index.html,15,html,30c618fc,Christine Law,2025-05-01,22:46:28,-07:00,2025-05-01T22:46:28-07:00,0,5
projects/index.html,16,html,30c618fc,Christine Law,2025-05-01,22:46:28,-07:00,2025-05-01T22:46:28-07:00,0,5
projects/index.html,17,html,30c618fc,Christine Law,2025-05-01,22:46:28,-07:00,2025-05-01T22:46:28-07:00,0,16
projects/index.html,18,html,30c618fc,Christine Law,2025-05-01,22:46:28,-07:00,2025-05-01T22:46:28-07:00,0,12
projects/index.html,19,html,30c618fc,Christine Law,2025-05-01,22:46:28,-07:00,2025-05-01T22:46:28-07:00,0,27
projects/index.html,20,html,30c618fc,Christine Law,2025-05-01,22:46:28,-07:00,2025-05-01T22:46:28-07:00,0,32
projects/index.html,21,html,30c618fc,Christine Law,2025-05-01,22:46:28,-07:00,2025-05-01T22:46:28-07:00,0,1
projects/index.html,22,html,30c618fc,Christine Law,2025-05-01,22:46:28,-07:00,2025-05-01T22:46:28-07:00,0,27
projects/index.html,23,html,ee845c70,Christine Law,2025-04-25,22:44:09,-07:00,2025-04-25T22:44:09-07:00,0,48
projects/index.html,24,html,22fec5f2,Christine Law,2025-04-04,14:21:33,-07:00,2025-04-04T14:21:33-07:00,0,6
projects/index.html,25,html,c14bec2d,Christine Law,2025-04-25,23:29:28,-07:00,2025-04-25T23:29:28-07:00,0,6
meta/index.html,1,html,a4ffe409,Christine Law,2025-05-07,00:12:25,-07:00,2025-05-07T00:12:25-07:00,0,14
meta/index.html,2,html,a4ffe409,Christine Law,2025-05-07,00:12:25,-07:00,2025-05-07T00:12:25-07:00,0,15
meta/index.html,3,html,a4ffe409,Christine Law,2025-05-07,00:12:25,-07:00,2025-05-07T00:12:25-07:00,0,5
meta/index.html,4,html,a4ffe409,Christine Law,2025-05-07,00:12:25,-07:00,2025-05-07T00:12:25-07:00,0,21
meta/index.html,5,html,a4ffe409,Christine Law,2025-05-07,00:12:25,-07:00,2025-05-07T00:12:25-07:00,0,69
meta/index.html,6,html,a4ffe409,Christine Law,2025-05-07,00:12:25,-07:00,2025-05-07T00:12:25-07:00,0,18
meta/index.html,7,html,a4ffe409,Christine Law,2025-05-07,00:12:25,-07:00,2025-05-07T00:12:25-07:00,0,6
meta/index.html,8,html,a4ffe409,Christine Law,2025-05-07,00:12:25,-07:00,2025-05-07T00:12:25-07:00,0,5
meta/index.html,9,html,a4ffe409,Christine Law,2025-05-07,00:12:25,-07:00,2025-05-07T00:12:25-07:00,0,55
meta/index.html,10,html,a4ffe409,Christine Law,2025-05-07,00:12:25,-07:00,2025-05-07T00:12:25-07:00,0,6
meta/index.html,11,html,a4ffe409,Christine Law,2025-05-07,00:12:25,-07:00,2025-05-07T00:12:25-07:00,0,6
contact/index.html,1,html,22fec5f2,Christine Law,2025-04-04,14:21:33,-07:00,2025-04-04T14:21:33-07:00,0,14
contact/index.html,2,html,22fec5f2,Christine Law,2025-04-04,14:21:33,-07:00,2025-04-04T14:21:33-07:00,0,15
contact/index.html,3,html,22fec5f2,Christine Law,2025-04-04,14:21:33,-07:00,2025-04-04T14:21:33-07:00,0,5
contact/index.html,4,html,22fec5f2,Christine Law,2025-04-04,14:21:33,-07:00,2025-04-04T14:21:33-07:00,0,21
contact/index.html,5,html,22fec5f2,Christine Law,2025-04-04,14:21:33,-07:00,2025-04-04T14:21:33-07:00,0,69
contact/index.html,6,html,22fec5f2,Christine Law,2025-04-04,14:21:33,-07:00,2025-04-04T14:21:33-07:00,0,21
contact/index.html,7,html,88b28e0f,Christine Law,2025-04-09,23:15:41,-07:00,2025-04-09T23:15:41-07:00,0,42
contact/index.html,8,html,a68104ee,Christine Law,2025-04-16,11:59:50,-07:00,2025-04-16T11:59:50-07:00,0,49
contact/index.html,9,html,22fec5f2,Christine Law,2025-04-04,14:21:33,-07:00,2025-04-04T14:21:33-07:00,0,6
contact/index.html,10,html,22fec5f2,Christine Law,2025-04-04,14:21:33,-07:00,2025-04-04T14:21:33-07:00,0,5
contact/index.html,11,html,7eb611eb,Christine Law,2025-04-09,23:26:45,-07:00,2025-04-09T23:26:45-07:00,0,15
contact/index.html,12,html,f914a518,Christine Law,2025-04-18,23:10:34,-07:00,2025-04-18T23:10:34-07:00,0,63
contact/index.html,13,html,24a30727,Christine Law,2025-04-11,20:21:59,-07:00,2025-04-11T20:21:59-07:00,0,32
contact/index.html,14,html,24a30727,Christine Law,2025-04-11,20:21:59,-07:00,2025-04-11T20:21:59-07:00,0,43
contact/index.html,15,html,24a30727,Christine Law,2025-04-11,20:21:59,-07:00,2025-04-11T20:21:59-07:00,0,0
contact/index.html,16,html,24a30727,Christine Law,2025-04-11,20:21:59,-07:00,2025-04-11T20:21:59-07:00,0,36
contact/index.html,17,html,24a30727,Christine Law,2025-04-11,20:21:59,-07:00,2025-04-11T20:21:59-07:00,0,34
contact/index.html,18,html,24a30727,Christine Law,2025-04-11,20:21:59,-07:00,2025-04-11T20:21:59-07:00,0,0
contact/index.html,19,html,24a30727,Christine Law,2025-04-11,20:21:59,-07:00,2025-04-11T20:21:59-07:00,0,30
contact/index.html,20,html,24a30727,Christine Law,2025-04-11,20:21:59,-07:00,2025-04-11T20:21:59-07:00,0,42
contact/index.html,21,html,24a30727,Christine Law,2025-04-11,20:21:59,-07:00,2025-04-11T20:21:59-07:00,0,0
contact/index.html,22,html,fced9488,Christine Law,2025-04-11,20:30:33,-07:00,2025-04-11T20:30:33-07:00,0,34
contact/index.html,23,html,e1c9defb,Christine Law,2025-04-04,14:32:34,-07:00,2025-04-04T14:32:34-07:00,0,6
contact/index.html,24,html,22fec5f2,Christine Law,2025-04-04,14:21:33,-07:00,2025-04-04T14:21:33-07:00,0,6
contact/index.html,25,html,22fec5f2,Christine Law,2025-04-04,14:21:33,-07:00,2025-04-04T14:21:33-07:00,0,6
